"visit_date","visitors_count","utm_source","utm_medium","utm_campaign","total_cost","leads_count","purchases_count","revenue"
2023-06-01,103,yandex,cpc,freemium,"21654",100,25,1654810
2023-06-01,78,yandex,cpc,prof-frontend,"57138",73,12,1057000
2023-06-01,62,yandex,cpc,prof-python,"33026",61,7,613196
2023-06-01,31,yandex,cpc,base-python,"12524",28,7,476021
2023-06-01,72,vk,cpc,prof-python,"2028",41,5,355564
2023-06-01,80,vk,cpc,freemium-frontend,"3160",43,5,338083
2023-06-01,49,yandex,cpc,prof-java,"29490",49,4,284590
2023-06-01,40,yandex,cpc,base-frontend,"18061",39,3,268515
2023-06-01,51,vk,cpc,prof-java,"3115",23,2,232726
2023-06-01,14,yandex,cpc,prof-data-analytics,"10086",14,2,220264
2023-06-01,13,yandex,cpc,prof-professions-brand,"4818",13,3,154287
2023-06-20,3,telegram,cpp,base-java,"",1,1,151192
2023-06-01,4,yandex,cpc,dod-php,"5964",4,1,150255
2023-06-01,4,yandex,cpc,base-professions-retarget,"151",4,1,134100
2023-06-07,3,vk,social,hexlet-blog,"",1,1,84000
2023-06-01,20,yandex,cpc,base-java,"19252",20,1,48000
2023-06-01,6,yandex,cpc,dod-professions,"",6,1,37800
2023-06-01,58,vk,cpc,base-python,"2537",36,1,9072
2023-06-01,44,vk,cpc,freemium-python,"980",25,1,1560
2023-06-01,66,admitad,cpa,admitad,"",0,0,0
2023-06-01,50,vk,cpc,prof-data-analytics,"1072",31,0,0
2023-06-01,42,vk,cpc,freemium-java,"487",24,0,0
2023-06-01,38,telegram,cpp,base-python,"",0,0,0
2023-06-01,33,telegram,cpp,base-java,"",0,0,0
2023-06-01,17,vk,cpc,prof-frontend,"",7,0,0
2023-06-01,11,tproger,cpc,dod-frontend,"",0,0,0
2023-06-01,10,yandex,cpc,prof-professions-retarget,"1714",10,0,0
2023-06-01,8,vk-senler,cpc,freemium,"",0,0,0
2023-06-01,8,zen,social,hexlet-blog,"",0,0,0
2023-06-01,7,zen,social,prof-frontend,"",0,0,0
2023-06-01,5,telegram,cpp,base-frontend,"",0,0,0
2023-06-01,4,yandex,cpc,dod-java,"2906",4,0,0
2023-06-01,4,zen,social,prof-backend,"",0,0,0
2023-06-01,3,google,cpc,frontend,"",0,0,0
2023-06-01,3,telegram,cpp,dod-php,"",0,0,0
2023-06-01,3,telegram,social,course_completed,"",0,0,0
2023-06-01,3,vk,cpp,dod-php,"",0,0,0
2023-06-01,3,yandex,cpc,dod-frontend,"2871",3,0,0
2023-06-01,3,yandex,cpc,dod-python-java,"",3,0,0
2023-06-01,2,telegram,cpp,dod-java,"",0,0,0
2023-06-01,2,vk,cpp,intensive-python,"",0,0,0
2023-06-01,1,Yandex,cpc,"03997128","",0,0,0
2023-06-01,1,telegram,cpp,intensive-python,"",0,0,0
2023-06-01,1,telegram,cpp,prof-php,"",0,0,0
2023-06-01,1,telegram,cpp,prof-python,"",1,0,0
2023-06-01,1,telegram,social,mdtrue*studenty-mnogih-onlayn-kursov-p,"",0,0,0
2023-06-01,1,twitter,social,devushki_v_it,"",0,0,0
2023-06-01,1,twitter,social,hexlet-blog,"",0,0,0
2023-06-01,1,twitter,social,promo,"",0,0,0
2023-06-01,1,twitter.com,social,buffer,"",0,0,0
2023-06-01,1,vc,cpp,dod-php,"",0,0,0
2023-06-01,1,vk,social,all-courses,"",0,0,0
2023-06-01,1,vk,social,course_completed,"",0,0,0
2023-06-01,1,vk,social,general,"",0,0,0
2023-06-01,1,vk,social,hexlet-blog,"",0,0,0
2023-06-01,1,vk,social,hexlet.io/my,"",0,0,0
2023-06-01,1,vk-senler,cpc,base-frontend,"",0,0,0
2023-06-02,240,vk,cpc,prof-python,"2032",0,0,0
2023-06-02,216,vk,cpc,prof-java,"2783",0,0,0
2023-06-02,207,vk,cpc,freemium-frontend,"2538",0,0,0
2023-06-02,178,vk,cpc,prof-data-analytics,"4060",0,0,0
2023-06-02,163,vk,cpc,freemium-java,"2536",0,0,0
2023-06-02,143,vk,cpc,freemium-python,"1739",0,0,0
2023-06-02,133,vk,cpc,base-python,"2536",0,0,0
2023-06-02,120,vk,cpc,prof-frontend,"",0,0,0
2023-06-02,55,tproger,cpc,dod-frontend,"",0,0,0
2023-06-02,54,admitad,cpa,admitad,"",0,0,0
2023-06-02,23,telegram,cpp,base-java,"",0,0,0
2023-06-02,11,telegram,cpp,base-python,"",0,0,0
2023-06-02,10,telegram,cpp,dod-java,"",0,0,0
2023-06-02,9,telegram,cpp,dod-php,"",0,0,0
2023-06-02,9,vk-senler,cpc,freemium,"",0,0,0
2023-06-02,5,zen,social,hexlet-blog,"",0,0,0
2023-06-02,3,zen,social,prof-frontend,"",0,0,0
2023-06-02,3,zen,social,promo,"",0,0,0
2023-06-02,2,telegram,cpp,prof-frontend,"",1,0,0
2023-06-02,2,twitter,social,devushki_v_it,"",0,0,0
2023-06-02,2,vk,cpp,dod-php,"",0,0,0
2023-06-02,2,vk,social,hexlet-blog,"",0,0,0
2023-06-02,1,partners,cpc,prof-python,"",0,0,0
2023-06-02,1,telegram,cpp,base-frontend,"",0,0,0
2023-06-02,1,telegram,cpp,prof-python,"",0,0,0
2023-06-02,1,telegram,social,course_completed,"",0,0,0
2023-06-02,1,tg,social,newdirections,"",0,0,0
2023-06-02,1,twitter,social,my-to--chto-my-skrollim-kak-programmistu,"",0,0,0
2023-06-02,1,vc,cpp,dod-php,"",0,0,0
2023-06-02,1,vk,cpc,freemium,"",0,0,0
2023-06-02,1,vk,cpp,base-frontend,"",0,0,0
2023-06-02,1,vk,social,all-courses,"",0,0,0
2023-06-02,1,vk,social,base-python,"",0,0,0
2023-06-02,1,yandex-direct,cpc,"34668848","",0,0,0
2023-06-03,211,vk,cpc,freemium-frontend,"2539",0,0,0
2023-06-03,207,tproger,cpc,dod-frontend,"",0,0,0
2023-06-03,204,vk,cpc,prof-python,"2023",0,0,0
2023-06-03,198,vk,cpc,prof-java,"2774",0,0,0
2023-06-03,172,vk,cpc,prof-data-analytics,"3974",0,0,0
2023-06-03,148,vk,cpc,freemium-java,"2656",0,0,0
2023-06-03,122,vk,cpc,freemium-python,"1390",0,0,0
2023-06-03,122,vk,cpc,prof-frontend,"",0,0,0
2023-06-03,101,vk,cpc,base-python,"2997",0,0,0
2023-06-03,43,admitad,cpa,admitad,"",0,0,0
2023-06-03,16,vk-senler,cpc,freemium,"",1,0,0
2023-06-03,12,telegram,cpp,base-python,"",0,0,0
2023-06-03,9,zen,social,promo,"",0,0,0
2023-06-03,6,telegram,cpp,base-frontend,"",0,0,0
2023-06-03,3,vk,cpp,dod-php,"",0,0,0
2023-06-03,2,google,cpc,frontend,"",0,0,0
2023-06-03,2,telegram,cpp,base-java,"",0,0,0
2023-06-03,2,telegram,cpp,prof-frontend,"",0,0,0
2023-06-03,2,telegram,social,course_completed,"",0,0,0
2023-06-03,2,vk,social,hexlet-blog,"",0,0,0
2023-06-03,1,Yandex,cpc,"02284027","",0,0,0
2023-06-03,1,Yandex,cpc,"59988739","",0,0,0
2023-06-03,1,admitad,cpa,"442763","",0,0,0
2023-06-03,1,telegram,cpp,dod-java,"",0,0,0
2023-06-03,1,telegram,cpp,prof-java,"",0,0,0
2023-06-03,1,telegram,cpp,prof-python,"",0,0,0
2023-06-03,1,telegram,social,base-java,"",0,0,0
2023-06-03,1,twitter,social,course_completed,"",0,0,0
2023-06-03,1,vc,cpp,dod-frontend,"",0,0,0
2023-06-03,1,vk,social,base-frontend,"",0,0,0
2023-06-03,1,vk,social,promo,"",0,0,0
2023-06-03,1,yandex-direct,cpc,"16645437","",0,0,0
2023-06-03,1,zen,social,all-courses,"",0,0,0
2023-06-04,224,vk,cpc,freemium-frontend,"2538",0,0,0
2023-06-04,213,vk,cpc,prof-python,"2032",0,0,0
2023-06-04,188,vk,cpc,prof-java,"1627",0,0,0
2023-06-04,156,tproger,cpc,dod-frontend,"",0,0,0
2023-06-04,150,vk,cpc,freemium-java,"1566",0,0,0
2023-06-04,145,vk,cpc,base-python,"2537",0,0,0
2023-06-04,132,vk,cpc,prof-data-analytics,"3740",0,0,0
2023-06-04,130,vk,cpc,freemium-python,"1305",0,0,0
2023-06-04,113,vk,cpc,prof-frontend,"",0,0,0
2023-06-04,47,telegram,cpp,base-python,"",0,0,0
2023-06-04,31,admitad,cpa,admitad,"",1,0,0
2023-06-04,10,telegram,cpp,base-frontend,"",0,0,0
2023-06-04,9,telegram,cpp,base-java,"",0,0,0
2023-06-04,8,vk-senler,cpc,freemium,"",0,0,0
2023-06-04,4,vk,social,hexlet-blog,"",0,0,0
2023-06-04,3,telegram,cpp,prof-python,"",0,0,0
2023-06-04,2,vk,cpp,dod-php,"",0,0,0
2023-06-04,2,vk,social,general,"",0,0,0
2023-06-04,1,Yandex,cpc,"55670133","",0,0,0
2023-06-04,1,admitad,cpc,"183258","",0,0,0
2023-06-04,1,dzen,social,dzen_post,"",0,0,0
2023-06-04,1,instagram,social,prof-php,"",0,0,0
2023-06-04,1,telegram,cpp,dod-java,"",0,0,0
2023-06-04,1,telegram,cpp,intensive-python,"",0,0,0
2023-06-04,1,telegram,cpp,prof-frontend,"",0,0,0
2023-06-04,1,telegram,social,hexlet-blog,"",0,0,0
2023-06-04,1,telegram,social,mdtruena-hekslete-poyavilsya-esche-odin-no,"",0,0,0
2023-06-04,1,telegram,social,special,"",0,0,0
2023-06-04,1,twitter,social,hexlet-blog,"",0,0,0
2023-06-04,1,twitter,social,promo,"",0,0,0
2023-06-04,1,twitter.com,social,svezhiy-vzglyad-na-prohozhdenie-proektov-ot,"",0,0,0
2023-06-04,1,vk,cpc,php,"",0,0,0
2023-06-04,1,vk,social,all-courses,"",0,0,0
2023-06-04,1,vk,social,course_completed,"",0,0,0
2023-06-04,1,vk,social,prof-qa,"",0,0,0
2023-06-04,1,zen,social,promo,"",0,0,0
2023-06-05,192,vk,cpc,freemium-frontend,"2538",0,0,0
2023-06-05,191,vk,cpc,prof-java,"2022",0,0,0
2023-06-05,182,vk,cpc,prof-python,"5077",0,0,0
2023-06-05,154,vk,cpc,prof-data-analytics,"3048",0,0,0
2023-06-05,138,vk,cpc,freemium-java,"397",0,0,0
2023-06-05,138,vk,cpc,freemium-python,"1118",0,0,0
2023-06-05,124,vk,cpc,base-python,"1980",0,0,0
2023-06-05,110,vk,cpc,prof-frontend,"",0,0,0
2023-06-05,49,tproger,cpc,dod-frontend,"",0,0,0
2023-06-05,38,admitad,cpa,admitad,"",0,0,0
2023-06-05,31,telegram,cpp,base-python,"",0,0,0
2023-06-05,29,telegram,cpp,base-frontend,"",0,0,0
2023-06-05,19,telegram,cpp,base-java,"",0,0,0
2023-06-05,12,vk-senler,cpc,dod-php,"",0,0,0
2023-06-05,5,telegram,cpp,dod-java,"",0,0,0
2023-06-05,5,vk,cpp,dod-php,"",1,0,0
2023-06-05,4,telegram,cpp,prof-java,"",0,0,0
2023-06-05,4,telegram,social,hexlet-blog,"",0,0,0
2023-06-05,4,vk,social,base-python,"",0,0,0
2023-06-05,4,vk-senler,cpc,freemium,"",0,0,0
2023-06-05,3,vk,social,base-java,"",0,0,0
2023-06-05,2,telegram,cpp,prof-python,"",0,0,0
2023-06-05,2,vk,social,all-courses,"",0,0,0
2023-06-05,1,Yandex,cpc,"16951197","",0,0,0
2023-06-05,1,Yandex,cpc,"67652027","",0,0,0
2023-06-05,1,facebook,cpc,frontend,"",0,0,0
2023-06-05,1,google,cpc,frontend,"",0,0,0
2023-06-05,1,instagram,social,prof-data-analyst,"",0,0,0
2023-06-05,1,podcast,social,unpack,"",0,0,0
2023-06-05,1,telegram,cpp,prof-frontend,"",0,0,0
2023-06-05,1,telegram,social,course_completed,"",0,0,0
2023-06-05,1,telegram,social,kak_gumanitariyu_popast-v_it,"",0,0,0
2023-06-05,1,vc,cpp,dod-php,"",0,0,0
2023-06-05,1,vk,cpp,dod-frontend,"",0,0,0
2023-06-05,1,vk,social,base-frontend,"",0,0,0
2023-06-05,1,vk,social,dod-php,"",0,0,0
2023-06-05,1,vk,social,hexlet-blog,"",0,0,0
2023-06-05,1,vk,social,planiruy-uchebu--fokusiruysya-na-protsesse,"",0,0,0
2023-06-05,1,vk,social,prof-frontend,"",0,0,0
2023-06-05,1,yandex-direct,cpc,"08062768","",0,0,0
2023-06-05,1,zen,social,hexlet-blog,"",0,0,0
2023-06-06,185,vk,cpc,prof-python,"5078",0,0,0
2023-06-06,171,vk,cpc,freemium-frontend,"3348",0,0,0
2023-06-06,159,vk,cpc,prof-java,"1137",0,0,0
2023-06-06,139,vk,cpc,freemium-java,"1916",0,0,0
2023-06-06,135,vk,cpc,prof-data-analytics,"3044",0,0,0
2023-06-06,121,vk,cpc,base-python,"3301",0,0,0
2023-06-06,111,vk,cpc,prof-frontend,"",0,0,0
2023-06-06,104,vk,cpc,freemium-python,"1854",0,0,0
2023-06-06,52,telegram,cpp,base-frontend,"",0,0,0
2023-06-06,33,admitad,cpa,admitad,"",0,0,0
2023-06-06,25,telegram,cpp,base-python,"",0,0,0
2023-06-06,17,vk-senler,cpc,freemium,"",0,0,0
2023-06-06,13,telegram,cpp,base-java,"",0,0,0
2023-06-06,8,tproger,cpc,dod-frontend,"",0,0,0
2023-06-06,5,vk,cpp,base-frontend,"",0,0,0
2023-06-06,4,telegram,cpp,dod-java,"",0,0,0
2023-06-06,4,vk,cpp,dod-php,"",0,0,0
2023-06-06,4,vk,social,base-java,"",0,0,0
2023-06-06,3,telegram,cpp,prof-java,"",0,0,0
2023-06-06,3,telegram,cpp,prof-python,"",0,0,0
2023-06-06,3,vk,cpc,freemium,"",0,0,0
2023-06-06,3,vk,social,general,"",0,0,0
2023-06-06,3,vk,social,prof-frontend,"",0,0,0
2023-06-06,2,google,cpc,frontend,"",0,0,0
2023-06-06,2,telegram,social,course_completed,"",0,0,0
2023-06-06,1,admitad,cpc,"183258","",0,0,0
2023-06-06,1,instagram,social,all-courses,"",0,0,0
2023-06-06,1,slack,social,base_alg,"",0,0,0
2023-06-06,1,telegram,cpp,base-php,"",0,0,0
2023-06-06,1,telegram,cpp,prof-data-analytics,"",0,0,0
2023-06-06,1,telegram,cpp,prof-frontend,"",0,0,0
2023-06-06,1,twitter,social,course_completed,"",0,0,0
2023-06-06,1,vc,cpp,dod-frontend,"",1,0,0
2023-06-06,1,vk,social,all-courses,"",0,0,0
2023-06-06,1,vk,social,base-python,"",0,0,0
2023-06-06,1,vk,social,dod-frontend,"",0,0,0
2023-06-06,1,vk,social,dod-php,"",0,0,0
2023-06-06,1,vk,social,dod-professions,"",0,0,0
2023-06-06,1,vk,social,hexlet-blog,"",1,0,0
2023-06-06,1,vk,social,hexlet.io/my,"",0,0,0
2023-06-06,1,vk,social,kak-dzhunu-napisat-soprovoditelnoe-pis,"",0,0,0
2023-06-06,1,vk,social,prof-rails,"",0,0,0
2023-06-06,1,vk-senler,cpc,dod-php,"",0,0,0
2023-06-06,1,vk.com,social,na-hekslete-poyavilas-novaya-professiya-v,"",0,0,0
2023-06-06,1,yandex-direct,cpc,"68583881","",0,0,0
2023-06-07,190,vk,cpc,prof-python,"5079",0,0,0
2023-06-07,169,vk,cpc,freemium-frontend,"2535",0,0,0
2023-06-07,166,vk,cpc,prof-java,"1126",0,0,0
2023-06-07,113,vk,cpc,freemium-java,"2532",0,0,0
2023-06-07,111,vk,cpc,freemium-python,"2916",0,0,0
2023-06-07,110,vk,cpc,prof-data-analytics,"3048",0,0,0
2023-06-07,107,vk,cpc,base-python,"2516",0,0,0
2023-06-07,94,vk,cpc,prof-frontend,"",0,0,0
2023-06-07,51,admitad,cpa,admitad,"",0,0,0
2023-06-07,37,telegram,cpp,base-frontend,"",0,0,0
2023-06-07,17,vk-senler,cpc,freemium,"",0,0,0
2023-06-07,15,telegram,cpp,base-python,"",0,0,0
2023-06-07,9,telegram,cpp,dod-java,"",1,0,0
2023-06-07,9,tproger,cpc,dod-frontend,"",0,0,0
2023-06-07,9,vk,cpp,base-frontend,"",0,0,0
2023-06-07,7,telegram,cpp,prof-java,"",1,0,0
2023-06-07,7,vk,social,base-python,"",0,0,0
2023-06-07,4,telegram,cpp,base-java,"",0,0,0
2023-06-07,2,telegram,cpp,prof-python,"",0,0,0
2023-06-07,2,vk,social,base-java,"",0,0,0
2023-06-07,2,vk,social,general,"",0,0,0
2023-06-07,2,vk,social,prof-python,"",0,0,0
2023-06-07,1,facebook,cpc,python,"",0,0,0
2023-06-07,1,facebook,social,course_completed,"",0,0,0
2023-06-07,1,instagram,social,hexlet-blog,"",0,0,0
2023-06-07,1,instagram,social,taplink,"",0,0,0
2023-06-07,1,public,social,open_lectures23,"",0,0,0
2023-06-07,1,telegram,cpp,dod-frontend,"",0,0,0
2023-06-07,1,telegram,cpp,prof-frontend,"",0,0,0
2023-06-07,1,telegram,social,base-python,"",0,0,0
2023-06-07,1,telegram,social,promo,"",0,0,0
2023-06-07,1,telegram,social,,"",0,0,0
2023-06-07,1,vk,cpc,frontend,"",0,0,0
2023-06-07,1,vk,social,all-courses,"",0,0,0
2023-06-07,1,vk,social,prof-frontend,"",0,0,0
2023-06-07,1,vk-senler,cpc,dod-frontend,"",0,0,0
2023-06-07,1,yandex-direct,cpc,"51752512","",0,0,0
2023-06-07,1,zen,social,prof-frontend,"",0,0,0
2023-06-08,193,vk,cpc,freemium-frontend,"2575",0,0,0
2023-06-08,188,vk,cpc,prof-python,"5076",0,0,0
2023-06-08,172,vk,cpc,prof-java,"1594",0,0,0
2023-06-08,135,vk,cpc,prof-data-analytics,"3013",0,0,0
2023-06-08,124,vk,cpc,freemium-java,"2531",0,0,0
2023-06-08,117,vk,cpc,prof-frontend,"592",0,0,0
2023-06-08,111,vk,cpc,base-python,"1009",0,0,0
2023-06-08,108,vk,cpc,freemium-python,"2532",0,0,0
2023-06-08,48,admitad,cpa,admitad,"",0,0,0
2023-06-08,44,timepad,cpp,base-frontend,"",0,0,0
2023-06-08,21,telegram,cpp,base-frontend,"",0,0,0
2023-06-08,20,telegram,cpp,prof-python,"",1,0,0
2023-06-08,15,vk,cpp,base-frontend,"",0,0,0
2023-06-08,12,vk-senler,cpc,freemium,"",0,0,0
2023-06-08,11,tproger,cpc,dod-frontend,"",0,0,0
2023-06-08,7,telegram,cpp,base-python,"",0,0,0
2023-06-08,3,telegram,cpp,dod-frontend,"",1,0,0
2023-06-08,3,telegram,cpp,prof-java,"",0,0,0
2023-06-08,3,vk,social,general,"",0,0,0
2023-06-08,3,vk,social,hexlet-blog,"",0,0,0
2023-06-08,2,telegram,cpp,dod-java,"",1,0,0
2023-06-08,1,facebook.com,social,buffer,"",0,0,0
2023-06-08,1,telegram,cpp,base-java,"",0,0,0
2023-06-08,1,telegram,cpp,dod-php,"",0,0,0
2023-06-08,1,telegram,cpp,prof-frontend,"",0,0,0
2023-06-08,1,telegram,social,course_completed,"",0,0,0
2023-06-08,1,telegram,social,hexlet-blog,"",0,0,0
2023-06-08,1,telegram,social,mdtruehaskell--funktsionalnyy-yazyk,"",0,0,0
2023-06-08,1,vk,cpc,php,"",0,0,0
2023-06-08,1,vk,cpp,dod-career,"",0,0,0
2023-06-08,1,vk,cpp,intensive-python,"",0,0,0
2023-06-08,1,vk,social,prof-data-analytics,"",0,0,0
2023-06-08,1,vk-senler,cpc,dod-frontend,"",0,0,0
2023-06-08,1,vk-senler,cpc,dod-professions,"",0,0,0
2023-06-08,1,zen,social,all-courses,"",0,0,0
2023-06-08,1,zen,social,hexlet-blog,"",0,0,0
2023-06-08,1,zen,social,prof-data-analytics,"",0,0,0
2023-06-09,182,vk,cpc,prof-python,"5077",0,0,0
2023-06-09,181,vk,cpc,freemium-frontend,"2534",0,0,0
2023-06-09,161,vk,cpc,prof-java,"4610",0,0,0
2023-06-09,160,vk,cpc,prof-data-analytics,"4502",0,0,0
2023-06-09,120,vk,cpc,freemium-python,"2533",0,0,0
2023-06-09,112,vk,cpc,prof-frontend,"5077",1,0,0
2023-06-09,108,vk,cpc,freemium-java,"2533",0,0,0
2023-06-09,105,vk,cpc,base-python,"",0,0,0
2023-06-09,46,admitad,cpa,admitad,"",0,0,0
2023-06-09,32,timepad,cpp,base-frontend,"",0,0,0
2023-06-09,15,telegram,cpp,base-frontend,"",0,0,0
2023-06-09,9,vk-senler,cpc,freemium,"",0,0,0
2023-06-09,7,tproger,cpc,dod-frontend,"",0,0,0
2023-06-09,7,vk,cpp,base-frontend,"",0,0,0
2023-06-09,3,telegram,cpp,dod-frontend,"",0,0,0
2023-06-09,3,telegram,cpp,prof-python,"",0,0,0
2023-06-09,2,telegram,cpp,base-java,"",0,0,0
2023-06-09,2,telegram,cpp,prof-frontend,"",0,0,0
2023-06-09,2,telegram,cpp,prof-java,"",1,0,0
2023-06-09,2,vk,social,all-courses,"",0,0,0
2023-06-09,2,vk,social,base-frontend,"",0,0,0
2023-06-09,1,Yandex,cpc,"42790821","",0,0,0
2023-06-09,1,Yandex,cpc,"87255026","",0,0,0
2023-06-09,1,mytarget,cpc,freemium,"",0,0,0
2023-06-09,1,rutube,social,all-courses,"",0,0,0
2023-06-09,1,telegram,social,hexlet-blog,"",0,0,0
2023-06-09,1,telegram,social,kak-gumanitariy-stal-bekend-razrabotchiko,"",0,0,0
2023-06-09,1,telegram.me,social,klassicheskaya-zadachka-fizzbuzz-na-hekslet,"",0,0,0
2023-06-09,1,telegram.me,social,na-hekslet-poyavilis-novye-ispytaniya-v-k,"",0,0,0
2023-06-09,1,twitter,social,devushki_v_it,"",0,0,0
2023-06-09,1,vk,social,base-python,"",0,0,0
2023-06-09,1,vk,social,dod-frontend,"",0,0,0
2023-06-09,1,vk,social,dod-php,"",0,0,0
2023-06-10,163,vk,cpc,prof-python,"5458",0,0,0
2023-06-10,155,vk,cpc,freemium-frontend,"2536",0,0,0
2023-06-10,150,vk,cpc,prof-java,"3743",0,0,0
2023-06-10,143,vk,cpc,freemium-python,"2536",0,0,0
2023-06-10,130,vk,cpc,prof-data-analytics,"4220",0,0,0
2023-06-10,119,vk,cpc,base-python,"",0,0,0
2023-06-10,107,vk,cpc,freemium-java,"2537",0,0,0
2023-06-10,96,vk,cpc,prof-frontend,"5458",0,0,0
2023-06-10,26,admitad,cpa,admitad,"",0,0,0
2023-06-10,13,vk-senler,cpc,freemium,"",0,0,0
2023-06-10,8,telegram,cpp,base-frontend,"",0,0,0
2023-06-10,6,timepad,cpp,base-frontend,"",0,0,0
2023-06-10,2,google,cpc,frontend,"",0,0,0
2023-06-10,2,vk,social,all-courses,"",0,0,0
2023-06-10,1,facebook,social,course_completed,"",0,0,0
2023-06-10,1,telegram,cpp,base-java,"",0,0,0
2023-06-10,1,telegram,cpp,base-python,"",0,0,0
2023-06-10,1,telegram,cpp,dod-frontend,"",0,0,0
2023-06-10,1,telegram,cpp,intensive-python,"",0,0,0
2023-06-10,1,telegram,cpp,prof-python,"",0,0,0
2023-06-10,1,telegram,social,glavnye-instrumenty--servisy-i-podhody,"",0,0,0
2023-06-10,1,telegram,social,hexlet-blog,"",0,0,0
2023-06-10,1,telegram,social,typescript,"",0,0,0
2023-06-10,1,twitter,social,promo,"",0,0,0
2023-06-10,1,vk,cpc,freemium,"",0,0,0
2023-06-10,1,vk,cpc,frontend,"",0,0,0
2023-06-10,1,vk,cpc,yaintern,"",0,0,0
2023-06-10,1,vk,cpp,base-frontend,"",0,0,0
2023-06-10,1,vk,social,hexlet-blog,"",0,0,0
2023-06-10,1,zen,social,hexlet,"",0,0,0
2023-06-11,211,vk,cpc,freemium-frontend,"2533",0,0,0
2023-06-11,186,vk,cpc,prof-python,"5076",0,0,0
2023-06-11,147,vk,cpc,prof-java,"3781",0,0,0
2023-06-11,141,vk,cpc,prof-data-analytics,"4569",0,0,0
2023-06-11,126,vk,cpc,freemium-java,"2916",0,0,0
2023-06-11,123,vk,cpc,prof-frontend,"5458",0,0,0
2023-06-11,115,vk,cpc,base-python,"",0,0,0
2023-06-11,112,vk,cpc,freemium-python,"2536",0,0,0
2023-06-11,41,admitad,cpa,admitad,"",0,0,0
2023-06-11,10,vk-senler,cpc,freemium,"",0,0,0
2023-06-11,6,telegram,cpp,base-frontend,"",0,0,0
2023-06-11,6,vk,cpp,dod-frontend,"",0,0,0
2023-06-11,2,vk,social,all-courses,"",0,0,0
2023-06-11,2,vk,social,base-python,"",0,0,0
2023-06-11,2,vk,social,general,"",0,0,0
2023-06-11,2,vk,social,hexlet-blog,"",0,0,0
2023-06-11,1,google,cpc,freemium,"",0,0,0
2023-06-11,1,google,cpc,frontend,"",0,0,0
2023-06-11,1,telegram,cpp,prof-frontend,"",0,0,0
2023-06-11,1,timepad,cpp,base-frontend,"",0,0,0
2023-06-11,1,vk,cpc,java,"",0,0,0
2023-06-11,1,vk,cpp,base-frontend,"",0,0,0
2023-06-12,196,vk,cpc,prof-python,"5202",0,0,0
2023-06-12,184,vk,cpc,freemium-frontend,"3170",0,0,0
2023-06-12,170,vk,cpc,prof-java,"4105",0,0,0
2023-06-12,161,vk,cpc,prof-data-analytics,"4187",0,0,0
2023-06-12,132,vk,cpc,freemium-java,"4822",0,0,0
2023-06-12,123,vk,cpc,base-python,"",0,0,0
2023-06-12,121,vk,cpc,freemium-python,"2536",0,0,0
2023-06-12,113,vk,cpc,prof-frontend,"5078",0,0,0
2023-06-12,33,admitad,cpa,admitad,"",0,0,0
2023-06-12,24,vk-senler,cpc,freemium,"",0,0,0
2023-06-12,18,telegram,cpp,base-frontend,"",0,0,0
2023-06-12,4,timepad,cpp,base-frontend,"",0,0,0
2023-06-12,4,vk,cpp,base-frontend,"",0,0,0
2023-06-12,3,telegram,cpp,base-python,"",0,0,0
2023-06-12,3,telegram,cpp,dod-frontend,"",0,0,0
2023-06-12,3,vk,social,prof-rails,"",0,0,0
2023-06-12,2,telegram,cpp,base-java,"",0,0,0
2023-06-12,2,vk,cpp,dod-frontend,"",0,0,0
2023-06-12,2,vk,social,hexlet-blog,"",0,0,0
2023-06-12,1,facebook,social,how-to-sleep,"",0,0,0
2023-06-12,1,facebook.com,social,mozhno-li-ustroitsya-na-rabotu-posle-heks,"",0,0,0
2023-06-12,1,google,cpc,freemium,"",0,0,0
2023-06-12,1,instagram,social,base-java,"",0,0,0
2023-06-12,1,telegram,social,promo,"",0,0,0
2023-06-12,1,tg,social,codecamp,"",0,0,0
2023-06-12,1,twitter,social,devushki_v_it,"",0,0,0
2023-06-12,1,vk,cpp,intensive-python,"",0,0,0
2023-06-12,1,vk,social,base-java,"",0,0,0
2023-06-12,1,vk,social,base-python,"",0,0,0
2023-06-12,1,vk,social,general,"",0,0,0
2023-06-12,1,vk,social,prof-python,"",0,0,0
2023-06-12,1,vk,social,promo,"",0,0,0
2023-06-12,1,yandex-direct,cpc,"96566756","",0,0,0
2023-06-13,138,yandex,cpc,freemium,"18523",0,0,0
2023-06-13,105,yandex,cpc,prof-frontend,"62685",0,0,0
2023-06-13,104,yandex,cpc,prof-python,"43241",0,0,0
2023-06-13,83,yandex,cpc,prof-java,"36520",0,0,0
2023-06-13,66,vk,cpc,prof-python,"5202",0,0,0
2023-06-13,62,vk,cpc,freemium-frontend,"2746",1,0,0
2023-06-13,57,vk,cpc,freemium-java,"2377",0,0,0
2023-06-13,52,vk,cpc,freemium-python,"2538",0,0,0
2023-06-13,49,vk,cpc,prof-data-analytics,"4188",0,0,0
2023-06-13,47,vk,cpc,prof-java,"4350",1,0,0
2023-06-13,41,vk,cpc,base-python,"",0,0,0
2023-06-13,41,yandex,cpc,base-java,"",0,0,0
2023-06-13,40,admitad,cpa,admitad,"",0,0,0
2023-06-13,37,vk,cpc,prof-frontend,"5459",0,0,0
2023-06-13,35,yandex,cpc,base-python,"",0,0,0
2023-06-13,33,yandex,cpc,prof-professions-brand,"3574",0,0,0
2023-06-13,29,yandex,cpc,base-frontend,"10232",0,0,0
2023-06-13,21,telegram,cpp,base-frontend,"",0,0,0
2023-06-13,18,yandex,cpc,prof-professions-retarget,"604",0,0,0
2023-06-13,17,yandex,cpc,prof-data-analytics,"6033",0,0,0
2023-06-13,13,telegram,cpp,prof-python,"",0,0,0
2023-06-13,12,vk-senler,cpc,freemium,"",0,0,0
2023-06-13,12,yandex,cpc,dod-professions,"3905",0,0,0
2023-06-13,10,yandex,cpc,dod-frontend,"4123",0,0,0
2023-06-13,9,yandex,cpc,dod-python-java,"",0,0,0
2023-06-13,8,telegram,cpp,prof-java,"",0,0,0
2023-06-13,5,yandex,cpc,base-professions-retarget,"808",0,0,0
2023-06-13,4,yandex,cpc,dod-java,"",0,0,0
2023-06-13,3,telegram,cpp,prof-frontend,"",0,0,0
2023-06-13,3,timepad,cpp,base-frontend,"",0,0,0
2023-06-13,3,yandex,cpc,dod-php,"",0,0,0
2023-06-13,2,vk,cpp,dod-frontend,"",0,0,0
2023-06-13,2,vk,social,base-frontend,"",0,0,0
2023-06-13,2,vk,social,base-python,"",0,0,0
2023-06-13,2,vk,social,hexlet-blog,"",0,0,0
2023-06-13,2,yandex,cpc,dod-qa,"",0,0,0
2023-06-13,1,Yandex,cpc,"80100720","",0,0,0
2023-06-13,1,facebook,cpc,python,"",0,0,0
2023-06-13,1,facebook,social,hexlet-blog,"",0,0,0
2023-06-13,1,facebook,social,my-sozdali-kurs-osnovy-redis-pro-rabot,"",0,0,0
2023-06-13,1,telegram,cpp,base-java,"",0,0,0
2023-06-13,1,telegram,cpp,base-python,"",0,0,0
2023-06-13,1,telegram,cpp,dod-php,"",0,0,0
2023-06-13,1,telegram,social,course_completed,"",0,0,0
2023-06-13,1,vc,cpp,dod-frontend,"",0,0,0
2023-06-13,1,vc,cpp,dod-professions,"",0,0,0
2023-06-13,1,vk,cpc,base,"",0,0,0
2023-06-13,1,vk,cpc,dod-professions,"",0,0,0
2023-06-13,1,vk,cpp,base-frontend,"",0,0,0
2023-06-13,1,vk,cpp,dod-php,"",0,0,0
2023-06-13,1,vk,cpp,intensive-python,"",0,0,0
2023-06-13,1,vk,social,all-courses,"",0,0,0
2023-06-13,1,vk,social,english-soft,"",0,0,0
2023-06-13,1,vk,social,general,"",0,0,0
2023-06-13,1,vk,social,hexlet.io/my,"",0,0,0
2023-06-13,1,vk,social,prof-rails,"",0,0,0
2023-06-13,1,zen,social,all-courses,"",0,0,0
2023-06-14,215,yandex,cpc,freemium,"18752",0,0,0
2023-06-14,170,yandex,cpc,prof-python,"41766",0,0,0
2023-06-14,165,yandex,cpc,prof-frontend,"70624",0,0,0
2023-06-14,163,yandex,cpc,prof-java,"37151",0,0,0
2023-06-14,57,yandex,cpc,base-java,"",0,0,0
2023-06-14,53,yandex,cpc,base-python,"",0,0,0
2023-06-14,49,yandex,cpc,prof-professions-brand,"3580",0,0,0
2023-06-14,44,admitad,cpa,admitad,"",0,0,0
2023-06-14,43,timepad,cpp,base-frontend,"",0,0,0
2023-06-14,42,yandex,cpc,base-frontend,"",0,0,0
2023-06-14,32,yandex,cpc,prof-data-analytics,"8854",0,0,0
2023-06-14,27,yandex,cpc,prof-professions-retarget,"694",0,0,0
2023-06-14,21,telegram,social,dod-professions,"",1,0,0
2023-06-14,15,vk-senler,cpc,freemium,"",0,0,0
2023-06-14,15,yandex,cpc,dod-frontend,"984",0,0,0
2023-06-14,13,telegram,cpp,prof-python,"",0,0,0
2023-06-14,12,telegram,cpp,base-frontend,"",0,0,0
2023-06-14,12,yandex,cpc,dod-java,"",0,0,0
2023-06-14,12,yandex,cpc,dod-professions,"1471",0,0,0
2023-06-14,10,vk,cpc,prof-data-analytics,"4189",0,0,0
2023-06-14,8,vk,cpc,freemium-frontend,"2479",0,0,0
2023-06-14,8,vk,cpc,freemium-python,"2895",0,0,0
2023-06-14,8,yandex,cpc,base-professions-retarget,"722",0,0,0
2023-06-14,8,yandex,cpc,dod-php,"",0,0,0
2023-06-14,7,vk,cpp,dod-frontend,"",0,0,0
2023-06-14,7,yandex,cpc,dod-python-java,"909",0,0,0
2023-06-14,7,yandex,cpc,dod-qa,"",0,0,0
2023-06-14,5,vk,cpc,prof-frontend,"5077",0,0,0
2023-06-14,5,vk,cpc,prof-java,"4112",0,0,0
2023-06-14,5,vk,cpc,prof-python,"5074",0,0,0
2023-06-14,4,vk,social,dod-professions,"",0,0,0
2023-06-14,3,telegram,cpp,base-python,"",0,0,0
2023-06-14,3,telegram,cpp,prof-java,"",0,0,0
2023-06-14,3,vc,cpp,dod-frontend,"",2,0,0
2023-06-14,3,vk,social,base-python,"",0,0,0
2023-06-14,2,vk,social,hexlet-blog,"",0,0,0
2023-06-14,2,vk,social,prof-python,"",0,0,0
2023-06-14,2,vk-senler,cpc,dod-frontend,"",0,0,0
2023-06-14,1,facebook,cpc,freemium.ua-by,"",0,0,0
2023-06-14,1,mytarget,cpc,freemium,"",0,0,0
2023-06-14,1,telegram,cpp,dod-frontend,"",0,0,0
2023-06-14,1,telegram,cpp,dod-php,"",0,0,0
2023-06-14,1,telegram,cpp,prof-frontend,"",0,0,0
2023-06-14,1,telegram,social,hexlet-blog,"",0,0,0
2023-06-14,1,telegram,social,mdtruehaskell--funktsionalnyy-yazyk,"",0,0,0
2023-06-14,1,telegram,social,promo,"",0,0,0
2023-06-14,1,twitter,social,"51-letniy-student-heksleta-dmitriy-rassk","",0,0,0
2023-06-14,1,vk,social,all-courses,"",0,0,0
2023-06-14,1,vk,social,dod-frontend,"",0,0,0
2023-06-14,1,vk,social,general,"",0,0,0
2023-06-14,1,vk-senler,cpc,dod-professions,"",0,0,0
2023-06-14,1,yandex-direct,cpc,"19183657","",0,0,0
2023-06-14,1,zen,social,prof-frontend,"",0,0,0
2023-06-15,238,yandex,cpc,freemium,"15317",0,0,0
2023-06-15,164,yandex,cpc,prof-frontend,"69171",0,0,0
2023-06-15,156,yandex,cpc,prof-python,"41982",0,0,0
2023-06-15,130,yandex,cpc,prof-java,"34902",0,0,0
2023-06-15,61,yandex,cpc,base-java,"",0,0,0
2023-06-15,49,yandex,cpc,base-python,"",0,0,0
2023-06-15,49,yandex,cpc,prof-professions-brand,"5511",0,0,0
2023-06-15,48,admitad,cpa,admitad,"",0,0,0
2023-06-15,38,yandex,cpc,base-frontend,"",0,0,0
2023-06-15,28,yandex,cpc,prof-data-analytics,"6556",0,0,0
2023-06-15,27,yandex,cpc,prof-professions-retarget,"1290",0,0,0
2023-06-15,20,yandex,cpc,dod-frontend,"908",0,0,0
2023-06-15,17,yandex,cpc,dod-professions,"3925",0,0,0
2023-06-15,14,vk-senler,cpc,freemium,"",0,0,0
2023-06-15,12,telegram,cpp,base-frontend,"",0,0,0
2023-06-15,10,yandex,cpc,dod-python-java,"4554",0,0,0
2023-06-15,9,vk,cpc,freemium-python,"2536",0,0,0
2023-06-15,9,vk,cpc,prof-data-analytics,"4564",0,0,0
2023-06-15,8,yandex,cpc,base-professions-retarget,"",0,0,0
2023-06-15,8,yandex,cpc,dod-java,"",0,0,0
2023-06-15,7,vk,cpc,freemium-frontend,"2534",0,0,0
2023-06-15,7,yandex,cpc,dod-qa,"",0,0,0
2023-06-15,6,telegram,cpp,prof-python,"",0,0,0
2023-06-15,6,vk,cpc,freemium-java,"2538",0,0,0
2023-06-15,6,vk,cpc,prof-java,"4264",0,0,0
2023-06-15,6,yandex,cpc,dod-php,"",0,0,0
2023-06-15,5,telegram,cpp,prof-java,"",0,0,0
2023-06-15,5,vk,cpc,prof-frontend,"4688",1,0,0
2023-06-15,3,telegram,social,dod-professions,"",0,0,0
2023-06-15,3,vk,cpc,prof-python,"5837",0,0,0
2023-06-15,3,vk,cpp,dod-frontend,"",0,0,0
2023-06-15,3,vk,social,all-courses,"",0,0,0
2023-06-15,3,vk,social,hexlet-blog,"",0,0,0
2023-06-15,2,dzen,social,dzen_post,"",1,0,0
2023-06-15,2,telegram,cpp,base-java,"",0,0,0
2023-06-15,2,telegram,social,course_completed,"",0,0,0
2023-06-15,2,vk,cpp,base-frontend,"",0,0,0
2023-06-15,2,vk-senler,cpc,dod-frontend,"",0,0,0
2023-06-15,1,dzen,social,dzen-post,"",0,0,0
2023-06-15,1,facebook,cpc,python,"",0,0,0
2023-06-15,1,instagram,social,all-courses,"",0,0,0
2023-06-15,1,podcast,social,all-courses,"",0,0,0
2023-06-15,1,slack,social,hexlet,"",0,0,0
2023-06-15,1,telegram,cpp,dod-frontend,"",0,0,0
2023-06-15,1,telegram,cpp,prof-frontend,"",0,0,0
2023-06-15,1,telegram,social,prof-qa,"",0,0,0
2023-06-15,1,telegram,social,webinars,"",0,0,0
2023-06-15,1,timepad,cpp,base-frontend,"",0,0,0
2023-06-15,1,twitter,social,grokaem_algoritmy,"",0,0,0
2023-06-15,1,twitter,social,oop-i-arhitektura-koda-kirill-mokevni,"",0,0,0
2023-06-15,1,twitter,social,podrobno-rasskazyvaem--pochemu-pleysholde,"",0,0,0
2023-06-15,1,twitter.com,social,istorii-uspeha-nashih-uchenikov-i-vypuskni,"",0,0,0
2023-06-15,1,vc,cpp,dod-professions,"",0,0,0
2023-06-15,1,vk,cpc,yaintern,"",0,0,0
2023-06-15,1,vk,social,base-python,"",0,0,0
2023-06-15,1,vk,social,dod-professions,"",0,0,0
2023-06-15,1,vkontakte,social,button-vk,"",0,0,0
2023-06-15,1,zen,social,all-courses,"",0,0,0
2023-06-16,233,yandex,cpc,freemium,"17913",0,0,0
2023-06-16,168,yandex,cpc,prof-python,"39215",0,0,0
2023-06-16,137,yandex,cpc,prof-frontend,"58935",0,0,0
2023-06-16,112,yandex,cpc,prof-java,"36459",0,0,0
2023-06-16,59,yandex,cpc,base-java,"",0,0,0
2023-06-16,51,yandex,cpc,base-python,"",0,0,0
2023-06-16,48,yandex,cpc,prof-professions-brand,"5794",0,0,0
2023-06-16,44,yandex,cpc,base-frontend,"",0,0,0
2023-06-16,39,yandex,cpc,prof-data-analytics,"5576",0,0,0
2023-06-16,37,admitad,cpa,admitad,"",0,0,0
2023-06-16,35,yandex,cpc,prof-professions-retarget,"1085",0,0,0
2023-06-16,22,yandex,cpc,dod-frontend,"",0,0,0
2023-06-16,15,yandex,cpc,dod-professions,"3077",0,0,0
2023-06-16,13,vk,cpc,prof-data-analytics,"4594",0,0,0
2023-06-16,13,vk,cpc,prof-python,"5838",0,0,0
2023-06-16,12,yandex,cpc,dod-java,"",0,0,0
2023-06-16,11,vk-senler,cpc,freemium,"",0,0,0
2023-06-16,10,yandex,cpc,base-professions-retarget,"",0,0,0
2023-06-16,9,telegram,cpp,base-frontend,"",0,0,0
2023-06-16,9,vk,cpc,prof-java,"4427",1,0,0
2023-06-16,8,vk,cpc,prof-frontend,"5458",1,0,0
2023-06-16,7,vk,cpc,freemium-java,"2398",0,0,0
2023-06-16,6,yandex,cpc,dod-php,"",0,0,0
2023-06-16,5,telegram,cpp,prof-python,"",0,0,0
2023-06-16,5,vk,cpc,freemium-python,"2537",0,0,0
2023-06-16,5,yandex,cpc,dod-python-java,"3259",0,0,0
2023-06-16,5,yandex,cpc,dod-qa,"",0,0,0
2023-06-16,4,telegram,social,dod-professions,"",1,0,0
2023-06-16,4,vk,cpc,freemium-frontend,"2535",0,0,0
2023-06-16,3,telegram,cpp,prof-java,"",0,0,0
2023-06-16,3,vk,social,base-python,"",0,0,0
2023-06-16,2,telegram,cpp,dod-java,"",0,0,0
2023-06-16,2,vk,cpc,php,"",0,0,0
2023-06-16,2,vk,social,dod-professions,"",0,0,0
2023-06-16,2,vk,social,prof-python,"",0,0,0
2023-06-16,1,admitad,cpa,"442763","",0,0,0
2023-06-16,1,admitad,cpc,"183258","",0,0,0
2023-06-16,1,instagram,social,base-python,"",0,0,0
2023-06-16,1,instagram,social,promo,"",0,0,0
2023-06-16,1,slack,social,hexlet,"",0,0,0
2023-06-16,1,telegram,cpp,base-java,"",0,0,0
2023-06-16,1,telegram,cpp,prof-frontend,"",0,0,0
2023-06-16,1,telegram,social,course_completed,"",0,0,0
2023-06-16,1,telegram –≠—Ç–æ—Ç –∫—É—Ä—Å –ø–æ–±–µ–∂–¥—ë–Ω! üí™üí™üí™ –ë—ã–ª–æ –∫—Ä—É—Ç–æ! üöÄ,social,course_completed,"",0,0,0
2023-06-16,1,timepad,cpp,base-frontend,"",0,0,0
2023-06-16,1,twitter,social,all-courses,"",0,0,0
2023-06-16,1,twitter,social,v-etoy-statie-my-dadim-neskolko-sovetov,"",0,0,0
2023-06-16,1,twitter,social,v-kontse-yanvarya-praktika-heksleta-ne-rabo,"",0,0,0
2023-06-16,1,vk,cpc,prof-php,"",0,0,0
2023-06-16,1,vk,cpc,yaintern,"",0,0,0
2023-06-16,1,vk,cpp,dod-frontend,"",0,0,0
2023-06-16,1,vk,social,all-courses,"",0,0,0
2023-06-16,1,vk,social,base-frontend,"",0,0,0
2023-06-16,1,vk,social,dod-frontend,"",0,0,0
2023-06-16,1,vk,social,general,"",0,0,0
2023-06-17,200,yandex,cpc,freemium,"14413",0,0,0
2023-06-17,174,yandex,cpc,prof-python,"45139",0,0,0
2023-06-17,132,yandex,cpc,prof-frontend,"59871",0,0,0
2023-06-17,131,yandex,cpc,prof-java,"27510",0,0,0
2023-06-17,63,yandex,cpc,base-python,"",0,0,0
2023-06-17,58,yandex,cpc,prof-professions-brand,"3878",0,0,0
2023-06-17,43,yandex,cpc,base-java,"",0,0,0
2023-06-17,39,yandex,cpc,base-frontend,"",0,0,0
2023-06-17,38,admitad,cpa,admitad,"",0,0,0
2023-06-17,34,yandex,cpc,prof-data-analytics,"7663",0,0,0
2023-06-17,25,yandex,cpc,dod-professions,"4770",0,0,0
2023-06-17,22,yandex,cpc,prof-professions-retarget,"1103",0,0,0
2023-06-17,15,vk-senler,cpc,freemium,"",0,0,0
2023-06-17,13,yandex,cpc,dod-frontend,"",0,0,0
2023-06-17,11,yandex,cpc,dod-php,"",0,0,0
2023-06-17,11,yandex,cpc,dod-qa,"",0,0,0
2023-06-17,9,yandex,cpc,dod-python-java,"2138",0,0,0
2023-06-17,8,telegram,cpp,base-frontend,"",0,0,0
2023-06-17,8,vk,cpc,prof-python,"7362",0,0,0
2023-06-17,8,yandex,cpc,base-professions-retarget,"",0,0,0
2023-06-17,7,vk,cpc,prof-frontend,"4974",0,0,0
2023-06-17,6,vk,cpc,prof-java,"4124",0,0,0
2023-06-17,6,yandex,cpc,dod-java,"",0,0,0
2023-06-17,5,vk,cpc,freemium-java,"1522",0,0,0
2023-06-17,5,vk,cpc,prof-data-analytics,"5327",0,0,0
2023-06-17,5,vk,social,dod-professions,"",0,0,0
2023-06-17,4,vk,cpc,freemium-frontend,"2536",0,0,0
2023-06-17,4,vk,cpc,freemium-python,"2537",0,0,0
2023-06-17,3,telegram,cpp,prof-frontend,"",0,0,0
2023-06-17,2,telegram,cpp,base-java,"",0,0,0
2023-06-17,2,vk,cpc,frontend,"",0,0,0
2023-06-17,2,vk,social,general,"",0,0,0
2023-06-17,1,Yandex,cpc,"06892634","",0,0,0
2023-06-17,1,Yandex,cpc,"93234055","",0,0,0
2023-06-17,1,facebook,social,hexlet-blog,"",0,0,0
2023-06-17,1,instagram,social,prof-data-analyst,"",0,0,0
2023-06-17,1,telegram,cpp,base-python,"",0,0,0
2023-06-17,1,telegram,cpp,prof-java,"",0,0,0
2023-06-17,1,telegram,cpp,prof-python,"",0,0,0
2023-06-17,1,timepad,cpp,base-frontend,"",0,0,0
2023-06-17,1,vk,cpc,prof-qa,"",0,0,0
2023-06-17,1,vk,cpp,base-frontend,"",0,0,0
2023-06-17,1,vk,social,prof-data-analytics,"",0,0,0
2023-06-17,1,vk,social,promo,"",0,0,0
2023-06-17,1,yandex-direct,cpc,"50088205","",0,0,0
2023-06-17,1,zen,social,zen_post,"",0,0,0
2023-06-18,219,yandex,cpc,freemium,"16798",0,0,0
2023-06-18,163,yandex,cpc,prof-python,"39233",0,0,0
2023-06-18,149,yandex,cpc,prof-frontend,"50806",0,0,0
2023-06-18,111,yandex,cpc,prof-java,"28605",0,0,0
2023-06-18,61,yandex,cpc,base-java,"",0,0,0
2023-06-18,51,yandex,cpc,prof-professions-brand,"3300",0,0,0
2023-06-18,50,admitad,cpa,admitad,"",0,0,0
2023-06-18,43,yandex,cpc,base-python,"",0,0,0
2023-06-18,27,yandex,cpc,base-frontend,"",0,0,0
2023-06-18,27,yandex,cpc,prof-data-analytics,"6446",0,0,0
2023-06-18,25,yandex,cpc,prof-professions-retarget,"1491",0,0,0
2023-06-18,21,yandex,cpc,dod-frontend,"",0,0,0
2023-06-18,14,yandex,cpc,dod-professions,"7438",0,0,0
2023-06-18,13,vk-senler,cpc,freemium,"",0,0,0
2023-06-18,11,yandex,cpc,dod-php,"",0,0,0
2023-06-18,9,telegram,cpp,base-frontend,"",0,0,0
2023-06-18,9,vk,cpc,prof-data-analytics,"3579",0,0,0
2023-06-18,9,yandex,cpc,base-professions-retarget,"",0,0,0
2023-06-18,8,vk-senler,cpc,dod-professions,"",0,0,0
2023-06-18,8,yandex,cpc,dod-java,"",0,0,0
2023-06-18,8,yandex,cpc,dod-python-java,"3374",0,0,0
2023-06-18,6,vk,cpc,freemium-python,"2536",0,0,0
2023-06-18,6,vk,cpc,prof-java,"4663",0,0,0
2023-06-18,5,vk,cpc,freemium-frontend,"2535",0,0,0
2023-06-18,4,vk,cpc,prof-python,"4591",0,0,0
2023-06-18,4,vk,social,dod-professions,"",0,0,0
2023-06-18,4,yandex,cpc,dod-qa,"",0,0,0
2023-06-18,2,telegram,cpp,base-java,"",0,0,0
2023-06-18,2,telegram,cpp,base-python,"",0,0,0
2023-06-18,2,telegram,cpp,prof-python,"",0,0,0
2023-06-18,2,vc,cpp,dod-professions,"",0,0,0
2023-06-18,2,vk,cpc,prof-frontend,"2912",0,0,0
2023-06-18,1,Yandex,cpc,"39770358","",0,0,0
2023-06-18,1,Yandex,cpc,"77386453","",0,0,0
2023-06-18,1,Yandex,cpc,"81276251","",0,0,0
2023-06-18,1,facebook,cpc,freemium,"",0,0,0
2023-06-18,1,telegram,cpp,dod-frontend,"",0,0,0
2023-06-18,1,telegram,cpp,prof-java,"",0,0,0
2023-06-18,1,telegram,cpp,prof-qa,"",0,0,0
2023-06-18,1,telegram,social,base-frontend,"",0,0,0
2023-06-18,1,telegram,social,hexlet-blog,"",0,0,0
2023-06-18,1,telegram,social,mdtruehaskell--funktsionalnyy-yazyk,"",0,0,0
2023-06-18,1,twitter,social,all-courses,"",0,0,0
2023-06-18,1,twitter,social,course_completed,"",0,0,0
2023-06-18,1,vk,cpp,base-frontend,"",0,0,0
2023-06-18,1,vk,social,all-courses,"",0,0,0
2023-06-18,1,vk,social,prof-python,"",0,0,0
2023-06-18,1,vk-senler,cpc,dod-frontend,"",0,0,0
2023-06-18,1,vkontakte,social,button-vk,"",0,0,0
2023-06-18,1,yandex-direct,cpc,"97574364","",0,0,0
2023-06-18,1,zen,social,hexlet-blog,"",0,0,0
2023-06-18,1,zen,social,prof-data-analyst,"",0,0,0
2023-06-19,239,yandex,cpc,freemium,"17212",0,0,0
2023-06-19,185,yandex,cpc,prof-python,"45990",0,0,0
2023-06-19,143,yandex,cpc,prof-java,"35136",0,0,0
2023-06-19,135,yandex,cpc,prof-frontend,"72966",0,0,0
2023-06-19,66,yandex,cpc,base-java,"",0,0,0
2023-06-19,60,yandex,cpc,base-python,"",0,0,0
2023-06-19,45,yandex,cpc,prof-professions-brand,"3111",0,0,0
2023-06-19,43,yandex,cpc,base-frontend,"",0,0,0
2023-06-19,35,admitad,cpa,admitad,"",0,0,0
2023-06-19,35,yandex,cpc,prof-data-analytics,"6048",0,0,0
2023-06-19,18,yandex,cpc,dod-frontend,"",0,0,0
2023-06-19,18,yandex,cpc,prof-professions-retarget,"1057",0,0,0
2023-06-19,15,vk,cpc,prof-python,"4934",0,0,0
2023-06-19,14,yandex,cpc,base-professions-retarget,"",0,0,0
2023-06-19,12,vk-senler,cpc,freemium,"",0,0,0
2023-06-19,10,vk,cpc,prof-java,"5469",0,0,0
2023-06-19,9,vk,cpc,prof-frontend,"5078",0,0,0
2023-06-19,8,telegram,cpp,base-frontend,"",0,0,0
2023-06-19,8,vk,cpc,freemium-python,"2479",0,0,0
2023-06-19,8,vk,cpc,prof-data-analytics,"5326",0,0,0
2023-06-19,8,yandex,cpc,dod-python-java,"2012",0,0,0
2023-06-19,8,yandex,cpc,dod-qa,"",0,0,0
2023-06-19,6,yandex,cpc,dod-java,"",0,0,0
2023-06-19,6,yandex,cpc,dod-php,"",0,0,0
2023-06-19,6,yandex,cpc,dod-professions,"3683",0,0,0
2023-06-19,4,vk,cpp,dod-python-java,"",0,0,0
2023-06-19,3,twitter.com,social,istorii-uspeha-nashih-uchenikov-i-vypuskni,"",0,0,0
2023-06-19,3,vk,cpc,freemium-java,"2423",0,0,0
2023-06-19,3,vk,social,base-python,"",0,0,0
2023-06-19,2,telegram,cpp,prof-python,"",0,0,0
2023-06-19,2,twitter,social,hexlet-blog,"",0,0,0
2023-06-19,2,vk,cpc,freemium-frontend,"2536",0,0,0
2023-06-19,2,vk,social,base-java,"",0,0,0
2023-06-19,2,vk,social,general,"",0,0,0
2023-06-19,1,Yandex,cpc,"52168119","",0,0,0
2023-06-19,1,dzen,social,dzen-post,"",0,0,0
2023-06-19,1,instagram,social,all-courses,"",0,0,0
2023-06-19,1,instagram,social,hexlet-blog,"",0,0,0
2023-06-19,1,telegram,cpp,base-python,"",0,0,0
2023-06-19,1,telegram,cpp,dod-java,"",0,0,0
2023-06-19,1,telegram,social,kak-blagodarya-heksletu-ya-ustroilsya-v-epa,"",0,0,0
2023-06-19,1,telegram,social,promo,"",0,0,0
2023-06-19,1,telegram,social,special-newyear23,"",0,0,0
2023-06-19,1,timepad,cpp,base-frontend,"",0,0,0
2023-06-19,1,twitter,social,devushki_v_it,"",0,0,0
2023-06-19,1,twitter,social,obuchenie-programmirovaniyu-v-30 -let-pod,"",0,0,0
2023-06-19,1,vc,cpp,dod-professions,"",0,0,0
2023-06-19,1,vk,cpp,dod-frontend,"",0,0,0
2023-06-19,1,vk,social,all-courses,"",0,0,0
2023-06-19,1,vk,social,base-php,"",0,0,0
2023-06-19,1,vk,social,dod-professions,"",0,0,0
2023-06-19,1,zen,social,all-courses,"",0,0,0
2023-06-19,1,zen,social,hexlet,"",0,0,0
2023-06-20,242,yandex,cpc,freemium,"16145",0,0,0
2023-06-20,184,yandex,cpc,prof-python,"46055",0,0,0
2023-06-20,148,yandex,cpc,prof-frontend,"68549",0,0,0
2023-06-20,119,yandex,cpc,prof-java,"28063",0,0,0
2023-06-20,58,yandex,cpc,base-python,"",0,0,0
2023-06-20,53,yandex,cpc,base-java,"3805",0,0,0
2023-06-20,47,yandex,cpc,prof-professions-brand,"3263",0,0,0
2023-06-20,43,admitad,cpa,admitad,"",1,0,0
2023-06-20,38,yandex,cpc,prof-data-analytics,"6795",0,0,0
2023-06-20,33,yandex,cpc,base-frontend,"",0,0,0
2023-06-20,27,yandex,cpc,prof-professions-retarget,"784",0,0,0
2023-06-20,17,yandex,cpc,dod-frontend,"",0,0,0
2023-06-20,17,yandex,cpc,dod-professions,"6422",0,0,0
2023-06-20,14,vk-senler,cpc,freemium,"",0,0,0
2023-06-20,13,vk,cpc,prof-python,"5839",0,0,0
2023-06-20,11,vk,cpc,freemium-frontend,"2851",0,0,0
2023-06-20,10,yandex,cpc,dod-python-java,"3269",0,0,0
2023-06-20,8,vk,cpc,freemium-java,"2538",0,0,0
2023-06-20,8,vk,cpc,prof-java,"5205",0,0,0
2023-06-20,7,instagram,social,base-frontend,"",0,0,0
2023-06-20,7,yandex,cpc,dod-php,"",0,0,0
2023-06-20,6,telegram,cpp,base-frontend,"",0,0,0
2023-06-20,6,yandex,cpc,dod-java,"",0,0,0
2023-06-20,5,telegram,social,dod-professions,"",0,0,0
2023-06-20,5,vk,cpc,prof-data-analytics,"4941",0,0,0
2023-06-20,5,vk,cpp,dod-python-java,"",0,0,0
2023-06-20,5,yandex,cpc,dod-qa,"",0,0,0
2023-06-20,4,instagram,social,prof-frontend,"",0,0,0
2023-06-20,4,instagram,social,prof-qa-auto,"",1,0,0
2023-06-20,3,vk,cpc,freemium-python,"2127",0,0,0
2023-06-20,3,vk,cpc,prof-frontend,"5078",0,0,0
2023-06-20,3,vk,social,dod-professions,"",0,0,0
2023-06-20,2,instagram,social,prof-backend,"",0,0,0
2023-06-20,2,telegram,cpp,base-python,"",0,0,0
2023-06-20,2,vk,social,hexlet-blog,"",0,0,0
2023-06-20,2,yandex,cpc,base-professions-retarget,"",0,0,0
2023-06-20,1,instagram,social,all-courses,"",0,0,0
2023-06-20,1,instagram,social,prof-java,"",0,0,0
2023-06-20,1,instagram,social,prof-python,"",0,0,0
2023-06-20,1,instagram,social,prof-qa,"",0,0,0
2023-06-20,1,instagram,social,prof-rails,"",0,0,0
2023-06-20,1,telegram,cpp,prof-frontend,"",0,0,0
2023-06-20,1,telegram,cpp,prof-java,"",0,0,0
2023-06-20,1,telegram,social,mdtruereshenie-zadach--horoshiy-sposob-z,"",0,0,0
2023-06-20,1,twitter,social,my-poprosili-nastavnikov-heksleta-rasska,"",0,0,0
2023-06-20,1,twitter.com,social,buffer,"",0,0,0
2023-06-20,1,vc,cpp,dod-professions,"",1,0,0
2023-06-20,1,vk,social,base-frontend,"",0,0,0
2023-06-20,1,vk,social,base-java,"",0,0,0
2023-06-20,1,vk,social,base-python,"",0,0,0
2023-06-20,1,vk,social,dod-python-java,"",0,0,0
2023-06-20,1,vk-senler,cpc,dod-professions,"",0,0,0
2023-06-20,1,yandex-direct,cpc,"26593528","",0,0,0
2023-06-20,1,yandex-direct,cpc,"70989018","",0,0,0
2023-06-20,1,yandex-direct,cpc,"85838400","",0,0,0
2023-06-20,1,zen,social,all-courses,"",0,0,0
2023-06-21,225,yandex,cpc,freemium,"18973",0,0,0
2023-06-21,155,yandex,cpc,prof-python,"46840",0,0,0
2023-06-21,140,yandex,cpc,prof-frontend,"64454",0,0,0
2023-06-21,126,yandex,cpc,prof-java,"29144",0,0,0
2023-06-21,59,yandex,cpc,base-java,"5157",0,0,0
2023-06-21,55,yandex,cpc,base-frontend,"",0,0,0
2023-06-21,51,admitad,cpa,admitad,"",0,0,0
2023-06-21,44,yandex,cpc,base-python,"4741",0,0,0
2023-06-21,42,yandex,cpc,prof-professions-brand,"4320",0,0,0
2023-06-21,32,yandex,cpc,prof-data-analytics,"3920",0,0,0
2023-06-21,25,yandex,cpc,prof-professions-retarget,"874",0,0,0
2023-06-21,18,vk,cpc,prof-python,"5890",0,0,0
2023-06-21,16,yandex,cpc,dod-frontend,"",0,0,0
2023-06-21,13,vk,cpc,prof-data-analytics,"6090",0,0,0
2023-06-21,13,yandex,cpc,dod-java,"",0,0,0
2023-06-21,12,vk-senler,cpc,freemium,"",0,0,0
2023-06-21,12,yandex,cpc,dod-python-java,"2006",0,0,0
2023-06-21,11,telegram,cpp,prof-java,"",0,0,0
2023-06-21,11,yandex,cpc,dod-professions,"",0,0,0
2023-06-21,10,telegram,cpp,prof-python,"",1,0,0
2023-06-21,9,vk,cpc,prof-frontend,"5079",0,0,0
2023-06-21,9,yandex,cpc,dod-qa,"",0,0,0
2023-06-21,8,vk,cpc,prof-java,"5257",0,0,0
2023-06-21,7,vk,cpc,freemium-frontend,"2537",0,0,0
2023-06-21,7,vk,cpp,dod-python-java,"",0,0,0
2023-06-21,6,vk,cpc,freemium-java,"2537",0,0,0
2023-06-21,6,yandex,cpc,base-professions-retarget,"",0,0,0
2023-06-21,5,telegram,cpp,base-java,"",0,0,0
2023-06-21,5,vk,cpc,freemium-python,"2193",0,0,0
2023-06-21,5,yandex,cpc,dod-php,"",0,0,0
2023-06-21,4,instagram,social,prof-frontend,"",0,0,0
2023-06-21,3,telegram,cpp,base-frontend,"",0,0,0
2023-06-21,2,instagram,social,prof-qa,"",0,0,0
2023-06-21,2,telegram,social,dod-professions,"",0,0,0
2023-06-21,2,vk,social,general,"",0,0,0
2023-06-21,1,Yandex,cpc,"08409986","",0,0,0
2023-06-21,1,Yandex,cpc,"74431025","",0,0,0
2023-06-21,1,admitad,cpc,"442763","",0,0,0
2023-06-21,1,dzen,social,dzen-post,"",0,0,0
2023-06-21,1,facebook,social,hexlet-blog,"",0,0,0
2023-06-21,1,instagram,social,base-frontend,"",0,0,0
2023-06-21,1,instagram,social,prof-backend,"",0,0,0
2023-06-21,1,instagram,social,prof-data-analytics,"",0,0,0
2023-06-21,1,instagram,social,prof-java,"",0,0,0
2023-06-21,1,instagram,social,prof-python,"",0,0,0
2023-06-21,1,telegram,cpp,dod-java,"",0,0,0
2023-06-21,1,telegram,cpp,prof-data-analytics,"",0,0,0
2023-06-21,1,telegram,social,kak-optimizirovat-tretiy-proekt-v-professii-python,"",0,0,0
2023-06-21,1,telegram,social,mdtruehaskell--funktsionalnyy-yazyk,"",0,0,0
2023-06-21,1,telegram,social,promo,"",0,0,0
2023-06-21,1,telegram,social,u-nas-chasto-sprashivayut--kakie-knigi-nuzhn,"",0,0,0
2023-06-21,1,tg,social,hostel,"",0,0,0
2023-06-21,1,twitter,social,hexlet-blog,"",0,0,0
2023-06-21,1,twitter,social,promo,"",0,0,0
2023-06-21,1,vk,cpc,freemium,"",0,0,0
2023-06-21,1,vk,cpc,prof-php,"",0,0,0
2023-06-21,1,vk,social,base-java,"",0,0,0
2023-06-21,1,vk,social,course_completed,"",0,0,0
2023-06-21,1,vk,social,dod-professions,"",0,0,0
2023-06-21,1,vk,social,hexlet-blog,"",0,0,0
2023-06-21,1,vk,social,prof-python,"",0,0,0
2023-06-21,1,vk.com,social,skolko-stoit-obuchenie-na-hekslete-dlya,"",0,0,0
2023-06-21,1,yandex-direct,cpc,"71522986","",0,0,0
2023-06-21,1,zen,social,hexlet,"",0,0,0
2023-06-21,1,zen,social,hexlet-blog,"",0,0,0
2023-06-22,251,yandex,cpc,freemium,"14680",0,0,0
2023-06-22,175,yandex,cpc,prof-frontend,"69976",0,0,0
2023-06-22,163,yandex,cpc,prof-python,"50579",0,0,0
2023-06-22,129,yandex,cpc,prof-java,"35881",0,0,0
2023-06-22,67,admitad,cpa,admitad,"",0,0,0
2023-06-22,66,yandex,cpc,base-java,"8185",0,0,0
2023-06-22,65,yandex,cpc,base-python,"3986",0,0,0
2023-06-22,51,yandex,cpc,base-frontend,"",0,0,0
2023-06-22,41,yandex,cpc,prof-professions-brand,"4161",0,0,0
2023-06-22,29,yandex,cpc,prof-data-analytics,"1462",0,0,0
2023-06-22,20,yandex,cpc,dod-frontend,"",0,0,0
2023-06-22,19,yandex,cpc,prof-professions-retarget,"1073",0,0,0
2023-06-22,18,vk-senler,cpc,freemium,"",0,0,0
2023-06-22,17,vk,cpc,prof-python,"5525",0,0,0
2023-06-22,13,vk,cpc,prof-java,"4223",0,0,0
2023-06-22,12,yandex,cpc,dod-professions,"",0,0,0
2023-06-22,11,yandex,cpc,dod-php,"",0,0,0
2023-06-22,10,yandex,cpc,dod-python-java,"4988",0,0,0
2023-06-22,9,vk,cpc,freemium-frontend,"2623",0,0,0
2023-06-22,9,vk,cpc,prof-data-analytics,"5964",0,0,0
2023-06-22,7,telegram,cpp,prof-java,"",0,0,0
2023-06-22,7,vk,cpc,prof-frontend,"3684",0,0,0
2023-06-22,7,vk,cpp,dod-python-java,"",0,0,0
2023-06-22,7,yandex,cpc,base-professions-retarget,"",0,0,0
2023-06-22,7,yandex,cpc,dod-java,"",0,0,0
2023-06-22,6,telegram,cpp,prof-python,"",0,0,0
2023-06-22,4,vk,cpc,freemium-java,"2144",0,0,0
2023-06-22,4,yandex,cpc,dod-qa,"",0,0,0
2023-06-22,3,dzen,social,dzen-post,"",0,0,0
2023-06-22,3,vk,cpc,freemium-python,"1872",0,0,0
2023-06-22,2,telegram,social,dod-professions,"",0,0,0
2023-06-22,2,tg,social,hostel,"",0,0,0
2023-06-22,2,zen,social,all-courses,"",0,0,0
2023-06-22,1,facebook,cpc,freemium,"",0,0,0
2023-06-22,1,instagram,social,all-courses,"",0,0,0
2023-06-22,1,instagram,social,hexlet-blog,"",0,0,0
2023-06-22,1,podcast,social,all-courses,"",0,0,0
2023-06-22,1,telegram,cpp,base-frontend,"",0,0,0
2023-06-22,1,telegram,cpp,base-java,"",0,0,0
2023-06-22,1,telegram,social,hexlet-blog,"",0,0,0
2023-06-22,1,timepad,cpp,base-frontend,"",0,0,0
2023-06-22,1,twitter,social,grokaem_algoritmy,"",0,0,0
2023-06-22,1,vk,cpc,python,"",0,0,0
2023-06-22,1,vk,social,all-courses,"",0,0,0
2023-06-22,1,vk,social,base-html,"",0,0,0
2023-06-22,1,vk,social,base-python,"",0,0,0
2023-06-22,1,vk,social,course_completed,"",0,0,0
2023-06-22,1,vk,social,dod-python-java,"",0,0,0
2023-06-22,1,vk,social,planiruy-uchebu--fokusiruysya-na-protsesse,"",0,0,0
2023-06-22,1,vk,social,prof-python,"",0,0,0
2023-06-22,1,vk,social,promo,"",0,0,0
2023-06-22,1,yandex-direct,cpc,"18177858","",0,0,0
2023-06-22,1,zen,social,hexlet,"",0,0,0
2023-06-22,1,zen_from_telegram,social,,"",0,0,0
2023-06-23,255,yandex,cpc,freemium,"18235",0,0,0
2023-06-23,207,yandex,cpc,prof-python,"41643",0,0,0
2023-06-23,182,yandex,cpc,prof-frontend,"56368",0,0,0
2023-06-23,134,yandex,cpc,prof-java,"34444",0,0,0
2023-06-23,71,yandex,cpc,base-java,"10843",0,0,0
2023-06-23,66,yandex,cpc,base-python,"8276",0,0,0
2023-06-23,58,yandex,cpc,base-frontend,"",0,0,0
2023-06-23,49,yandex,cpc,prof-professions-brand,"4029",0,0,0
2023-06-23,43,yandex,cpc,prof-data-analytics,"8165",0,0,0
2023-06-23,36,admitad,cpa,admitad,"",1,0,0
2023-06-23,36,telegram,social,hexlet-blog,"",0,0,0
2023-06-23,34,yandex,cpc,prof-professions-retarget,"1274",0,0,0
2023-06-23,22,yandex,cpc,dod-frontend,"",0,0,0
2023-06-23,18,telegram,cpp,prof-java,"",1,0,0
2023-06-23,18,yandex,cpc,dod-professions,"",0,0,0
2023-06-23,16,vk,cpc,prof-data-analytics,"4952",0,0,0
2023-06-23,16,vk,cpc,prof-python,"4149",0,0,0
2023-06-23,16,vk-senler,cpc,freemium,"",0,0,0
2023-06-23,11,vk,cpc,prof-frontend,"3807",0,0,0
2023-06-23,9,vk,cpc,freemium-frontend,"2539",0,0,0
2023-06-23,9,yandex,cpc,dod-python-java,"676",0,0,0
2023-06-23,8,telegram,cpp,prof-python,"",0,0,0
2023-06-23,8,yandex,cpc,base-professions-retarget,"",0,0,0
2023-06-23,8,yandex,cpc,dod-php,"",0,0,0
2023-06-23,7,yandex,cpc,dod-java,"",0,0,0
2023-06-23,6,telegram,cpp,base-frontend,"",0,0,0
2023-06-23,6,vk,cpc,freemium-java,"2539",0,0,0
2023-06-23,5,vk,cpc,base-python,"2284",0,0,0
2023-06-23,5,vk,cpc,prof-java,"6346",0,0,0
2023-06-23,5,yandex,cpc,dod-qa,"",0,0,0
2023-06-23,3,timepad,cpp,base-frontend,"",0,0,0
2023-06-23,2,telegram,social,dod-professions,"",0,0,0
2023-06-23,2,vk,cpp,dod-python-java,"",0,0,0
2023-06-23,2,vk,social,all-courses,"",0,0,0
2023-06-23,2,vk,social,prof-python,"",0,0,0
2023-06-23,2,zen,social,hexlet,"",0,0,0
2023-06-23,1,facebook,cpc,freemium,"",0,0,0
2023-06-23,1,instagram,social,prof-frontend,"",0,0,0
2023-06-23,1,instagram,social,prof-qa-auto,"",0,0,0
2023-06-23,1,telegram,cpp,dod-php,"",0,0,0
2023-06-23,1,telegram,cpp,prof-frontend,"",0,0,0
2023-06-23,1,telegram,social,base,"",0,0,0
2023-06-23,1,telegram,social,promo,"",0,0,0
2023-06-23,1,twitter,social,how-to-sleep,"",0,0,0
2023-06-23,1,vk,cpc,freemium-python,"2034",0,0,0
2023-06-23,1,vk,social,"8-statey--kotorye-budut-polezny-novichku","",0,0,0
2023-06-23,1,vk,social,base-python,"",0,0,0
2023-06-23,1,vk,social,course_completed,"",0,0,0
2023-06-23,1,vk,social,hexlet-blog,"",0,0,0
2023-06-23,1,vk,social,open_lectures23,"",0,0,0
2023-06-24,263,yandex,cpc,freemium,"14330",0,0,0
2023-06-24,172,yandex,cpc,prof-frontend,"52548",0,0,0
2023-06-24,164,yandex,cpc,prof-python,"34954",0,0,0
2023-06-24,129,yandex,cpc,prof-java,"29381",0,0,0
2023-06-24,58,yandex,cpc,base-java,"8258",0,0,0
2023-06-24,41,yandex,cpc,base-frontend,"",0,0,0
2023-06-24,40,yandex,cpc,base-python,"12132",0,0,0
2023-06-24,35,admitad,cpa,admitad,"",2,0,0
2023-06-24,35,yandex,cpc,prof-professions-brand,"3093",0,0,0
2023-06-24,29,yandex,cpc,prof-data-analytics,"5165",0,0,0
2023-06-24,27,yandex,cpc,prof-professions-retarget,"1017",0,0,0
2023-06-24,26,telegram,social,hexlet-blog,"",0,0,0
2023-06-24,24,yandex,cpc,dod-frontend,"",0,0,0
2023-06-24,23,yandex,cpc,dod-professions,"",0,0,0
2023-06-24,18,vk,cpc,prof-python,"5738",0,0,0
2023-06-24,14,vk,cpc,prof-data-analytics,"4322",0,0,0
2023-06-24,11,telegram,cpp,base-frontend,"",0,0,0
2023-06-24,10,telegram,cpp,prof-java,"",0,0,0
2023-06-24,10,yandex,cpc,dod-python-java,"",0,0,0
2023-06-24,9,vk,cpc,prof-java,"6347",0,0,0
2023-06-24,9,yandex,cpc,dod-java,"",0,0,0
2023-06-24,8,vk,cpc,prof-frontend,"5076",0,0,0
2023-06-24,8,yandex,cpc,dod-php,"",0,0,0
2023-06-24,7,vk,cpc,base-python,"2284",0,0,0
2023-06-24,6,vk,cpc,freemium-python,"2273",0,0,0
2023-06-24,6,yandex,cpc,base-professions-retarget,"",0,0,0
2023-06-24,5,vk,cpc,freemium-frontend,"2539",0,0,0
2023-06-24,5,vk-senler,cpc,freemium,"",0,0,0
2023-06-24,5,yandex,cpc,dod-qa,"",0,0,0
2023-06-24,2,telegram,cpp,prof-frontend,"",0,0,0
2023-06-24,2,telegram,cpp,prof-python,"",0,0,0
2023-06-24,2,vk,cpc,freemium-java,"1723",0,0,0
2023-06-24,2,vk,cpp,dod-python-java,"",0,0,0
2023-06-24,2,vk,social,base-python,"",0,0,0
2023-06-24,2,vk,social,prof-python,"",0,0,0
2023-06-24,1,facebook,cpc,python,"",0,0,0
2023-06-24,1,telegram,cpp,base-java,"",0,0,0
2023-06-24,1,timepad,cpp,base-frontend,"",0,0,0
2023-06-24,1,vk,social,all-courses,"",0,0,0
2023-06-24,1,vk,social,hexlet-blog,"",1,0,0
2023-06-24,1,vk,social,matematika-ilnar,"",0,0,0
2023-06-24,1,vk,social,reshenie-zadach--horoshiy-sposob-zakrepit,"",0,0,0
2023-06-24,1,vk-senler,cpc,base-python,"",0,0,0
2023-06-24,1,vk-senler,cpc,dod-frontend,"",0,0,0
2023-06-24,1,vk-senler,cpc,dod-python-java,"",0,0,0
2023-06-24,1,yandex-direct,cpc,"57063851","",0,0,0
2023-06-25,211,yandex,cpc,freemium,"14213",0,0,0
2023-06-25,157,yandex,cpc,prof-python,"41468",0,0,0
2023-06-25,149,yandex,cpc,prof-java,"37431",0,0,0
2023-06-25,147,yandex,cpc,prof-frontend,"57264",0,0,0
2023-06-25,66,yandex,cpc,base-java,"11999",0,0,0
2023-06-25,61,yandex,cpc,base-python,"8006",0,0,0
2023-06-25,49,admitad,cpa,admitad,"",0,0,0
2023-06-25,46,yandex,cpc,prof-professions-brand,"5162",0,0,0
2023-06-25,40,yandex,cpc,base-frontend,"",0,0,0
2023-06-25,29,yandex,cpc,prof-professions-retarget,"919",0,0,0
2023-06-25,25,vk,cpc,prof-python,"6042",0,0,0
2023-06-25,23,yandex,cpc,prof-data-analytics,"4694",0,0,0
2023-06-25,22,yandex,cpc,dod-frontend,"",0,0,0
2023-06-25,21,vk,cpc,prof-java,"9138",0,0,0
2023-06-25,16,telegram,cpp,prof-java,"",0,0,0
2023-06-25,14,vk,cpc,prof-data-analytics,"3807",0,0,0
2023-06-25,12,yandex,cpc,dod-professions,"",0,0,0
2023-06-25,10,vk,cpc,base-python,"3522",0,0,0
2023-06-25,9,yandex,cpc,dod-java,"",0,0,0
2023-06-25,8,vk,cpc,freemium-frontend,"2538",0,0,0
2023-06-25,7,vk,cpc,freemium-python,"2085",0,0,0
2023-06-25,7,yandex,cpc,dod-php,"",0,0,0
2023-06-25,6,yandex,cpc,dod-qa,"",0,0,0
2023-06-25,4,telegram,social,hexlet-blog,"",0,0,0
2023-06-25,4,yandex,cpc,base-professions-retarget,"",0,0,0
2023-06-25,4,yandex,cpc,dod-python-java,"",0,0,0
2023-06-25,3,vk,cpc,prof-frontend,"6091",0,0,0
2023-06-25,3,vk-senler,cpc,freemium,"",0,0,0
2023-06-25,2,telegram,cpp,base-frontend,"",0,0,0
2023-06-25,2,telegram,cpp,prof-python,"",0,0,0
2023-06-25,2,timepad,cpp,base-frontend,"",0,0,0
2023-06-25,2,vk,cpc,freemium-java,"1523",0,0,0
2023-06-25,2,vk,cpp,base-frontend,"",0,0,0
2023-06-25,1,instagram,social,base-pyton,"",0,0,0
2023-06-25,1,telegram,cpp,base-java,"",0,0,0
2023-06-25,1,telegram,social,course_completed,"",0,0,0
2023-06-25,1,telegram,social,mdtruevyrazitelnyy-javascript--arh,"",0,0,0
2023-06-25,1,telegram,social,studenty-heksleta-inogda-rasstraivayutsya,"",0,0,0
2023-06-25,1,twitter,social,devushki_v_it,"",0,0,0
2023-06-25,1,vk,social,base-python,"",0,0,0
2023-06-25,1,vk,social,dod-python-java,"",0,0,0
2023-06-25,1,vk,social,general,"",0,0,0
2023-06-25,1,vk,social,hexlet-blog,"",0,0,0
2023-06-25,1,vk,social,prof-python,"",0,0,0
2023-06-25,1,vk-senler,cpc,dod-frontend,"",0,0,0
2023-06-25,1,vkontakte,social,button-vk,"",0,0,0
2023-06-25,1,zen,social,hexlet,"",0,0,0
2023-06-26,251,yandex,cpc,freemium,"16668",0,0,0
2023-06-26,187,yandex,cpc,prof-python,"41547",0,0,0
2023-06-26,166,yandex,cpc,prof-frontend,"59123",0,0,0
2023-06-26,121,yandex,cpc,prof-java,"35429",0,0,0
2023-06-26,72,admitad,cpa,admitad,"",0,0,0
2023-06-26,66,telegram,social,hexlet-blog,"",0,0,0
2023-06-26,58,telegram,cpp,base-python,"",0,0,0
2023-06-26,57,yandex,cpc,base-python,"7940",0,0,0
2023-06-26,52,yandex,cpc,base-java,"10728",0,0,0
2023-06-26,43,yandex,cpc,base-frontend,"",0,0,0
2023-06-26,40,yandex,cpc,prof-professions-brand,"4286",0,0,0
2023-06-26,36,yandex,cpc,prof-data-analytics,"4699",0,0,0
2023-06-26,21,vk,cpc,prof-python,"5803",0,0,0
2023-06-26,19,yandex,cpc,dod-frontend,"",0,0,0
2023-06-26,19,yandex,cpc,dod-professions,"",0,0,0
2023-06-26,18,yandex,cpc,prof-professions-retarget,"1431",0,0,0
2023-06-26,17,vk,cpc,prof-java,"7992",0,0,0
2023-06-26,12,vk-senler,cpc,freemium,"",0,0,0
2023-06-26,11,yandex,cpc,dod-python-java,"",0,0,0
2023-06-26,9,telegram,cpp,base-java,"",0,0,0
2023-06-26,8,vk,cpc,freemium-frontend,"2538",0,0,0
2023-06-26,7,vk,cpc,freemium-python,"1967",0,0,0
2023-06-26,7,yandex,cpc,dod-qa,"",0,0,0
2023-06-26,6,yandex,cpc,dod-java,"",0,0,0
2023-06-26,4,facebook,social,hexlet-blog,"",0,0,0
2023-06-26,4,telegram,cpp,prof-python,"",0,0,0
2023-06-26,4,vk,cpc,prof-data-analytics,"1401",0,0,0
2023-06-26,4,vk,cpc,prof-frontend,"4319",0,0,0
2023-06-26,4,vk,social,hexlet-blog,"",0,0,0
2023-06-26,4,yandex,cpc,base-professions-retarget,"",0,0,0
2023-06-26,3,telegram,cpp,prof-java,"",0,0,0
2023-06-26,3,vk,cpc,base-python,"1886",0,0,0
2023-06-26,3,yandex,cpc,dod-php,"",0,0,0
2023-06-26,2,vk,cpp,base-java,"",0,0,0
2023-06-26,2,vk,social,base-java,"",0,0,0
2023-06-26,2,vk,social,prof-python,"",0,0,0
2023-06-26,1,admitad,cpa,"442763","",0,0,0
2023-06-26,1,admitad,cpc,"183258","",0,0,0
2023-06-26,1,dzen,social,dzen-post,"",0,0,0
2023-06-26,1,instagram,social,all-courses,"",0,0,0
2023-06-26,1,instagram,social,hexlet-blog,"",0,0,0
2023-06-26,1,instagram,social,promo,"",0,0,0
2023-06-26,1,podcast,social,interview,"",0,0,0
2023-06-26,1,telegram,cpp,base-frontend,"",0,0,0
2023-06-26,1,telegram,cpp,prof-data-analytics,"",0,0,0
2023-06-26,1,telegram,cpp,prof-frontend,"",0,0,0
2023-06-26,1,telegram,social,course_completed,"",0,0,0
2023-06-26,1,telegram,social,dod-professions,"",0,0,0
2023-06-26,1,telegram,social,uyazvimost-v-java-ugrozhaet-sotnyam-tysyach,"",0,0,0
2023-06-26,1,twitter,social,"9-marta-v-1930-po-moskovskomu-vremeni-p","",0,0,0
2023-06-26,1,vk,cpc,freemium-java,"1516",0,0,0
2023-06-26,1,vk,cpp,base-frontend,"",0,0,0
2023-06-26,1,vk,cpp,dod-python-java,"",0,0,0
2023-06-26,1,vk,social,base-python,"",0,0,0
2023-06-26,1,vk,social,general,"",0,0,0
2023-06-26,1,vk-senler,cpc,base-frontend,"",0,0,0
2023-06-26,1,zen,social,all-courses,"",0,0,0
2023-06-26,1,zen,social,prof-python,"",0,0,0
2023-06-27,238,yandex,cpc,freemium,"13694",0,0,0
2023-06-27,175,yandex,cpc,prof-python,"39939",0,0,0
2023-06-27,158,yandex,cpc,prof-frontend,"60963",0,0,0
2023-06-27,128,yandex,cpc,prof-java,"28235",0,0,0
2023-06-27,58,yandex,cpc,base-java,"5584",0,0,0
2023-06-27,58,yandex,cpc,base-python,"10271",0,0,0
2023-06-27,58,yandex,cpc,prof-professions-brand,"5257",0,0,0
2023-06-27,45,admitad,cpa,admitad,"",0,0,0
2023-06-27,39,yandex,cpc,base-frontend,"",0,0,0
2023-06-27,38,yandex,cpc,prof-data-analytics,"7092",0,0,0
2023-06-27,32,yandex,cpc,prof-professions-retarget,"669",0,0,0
2023-06-27,27,yandex,cpc,dod-professions,"",0,0,0
2023-06-27,23,telegram,social,hexlet-blog,"",0,0,0
2023-06-27,20,vk-senler,cpc,freemium,"",0,0,0
2023-06-27,19,telegram,cpp,base-python,"",0,0,0
2023-06-27,16,vk,cpc,prof-python,"4676",0,0,0
2023-06-27,13,yandex,cpc,dod-frontend,"",0,0,0
2023-06-27,11,telegram,cpp,base-java,"",0,0,0
2023-06-27,11,vk,cpc,freemium-frontend,"2538",0,0,0
2023-06-27,10,telegram,cpp,base-frontend,"",0,0,0
2023-06-27,10,yandex,cpc,dod-python-java,"",0,0,0
2023-06-27,9,vk,cpc,base-python,"2410",0,0,0
2023-06-27,9,vk,cpc,prof-java,"5394",0,0,0
2023-06-27,9,yandex,cpc,dod-java,"",0,0,0
2023-06-27,7,vk,cpc,freemium-python,"2015",0,0,0
2023-06-27,5,vk,cpc,prof-frontend,"6660",0,0,0
2023-06-27,5,yandex,cpc,dod-qa,"",0,0,0
2023-06-27,4,facebook,social,hexlet-blog,"",0,0,0
2023-06-27,3,yandex,cpc,dod-php,"",0,0,0
2023-06-27,2,telegram,cpp,prof-java,"",0,0,0
2023-06-27,2,vk,cpc,freemium-java,"1523",0,0,0
2023-06-27,2,vk,social,all-courses,"",0,0,0
2023-06-27,2,vk,social,general,"",0,0,0
2023-06-27,2,yandex,cpc,base-professions-retarget,"",0,0,0
2023-06-27,1,Yandex,cpc,"73043444","",0,0,0
2023-06-27,1,admitad,cpc,"183258","",0,0,0
2023-06-27,1,dzen,social,dzen_post,"",0,0,0
2023-06-27,1,telegram,cpp,prof-frontend,"",0,0,0
2023-06-27,1,telegram,cpp,prof-python,"",0,0,0
2023-06-27,1,telegram,social,"20-sovetov-dlya-buduschih-programmistov--ko","",0,0,0
2023-06-27,1,telegram,social,all-courses,"",0,0,0
2023-06-27,1,telegram,social,dod-professions,"",0,0,0
2023-06-27,1,twitter,social,analitik-dannyh,"",0,0,0
2023-06-27,1,twitter,social,course_completed,"",0,0,0
2023-06-27,1,twitter,social,hexlet-blog,"",0,0,0
2023-06-27,1,vk,cpc,yaintern,"",0,0,0
2023-06-27,1,vk,cpp,base-frontend,"",0,0,0
2023-06-27,1,vk,cpp,base-java,"",0,0,0
2023-06-27,1,vk,social,base-frontend,"",0,0,0
2023-06-27,1,vk,social,base-python,"",0,0,0
2023-06-27,1,vk,social,dod-professions,"",0,0,0
2023-06-27,1,vk,social,hexlet-blog,"",0,0,0
2023-06-27,1,vk,social,prof-python,"",0,0,0
2023-06-27,1,yandex-direct,cpc,"26980930","",0,0,0
2023-06-27,1,zen,social,blog,"",0,0,0
2023-06-28,239,yandex,cpc,freemium,"15892",0,0,0
2023-06-28,186,yandex,cpc,prof-python,"44881",0,0,0
2023-06-28,139,yandex,cpc,prof-frontend,"65708",0,0,0
2023-06-28,112,yandex,cpc,prof-java,"29048",0,0,0
2023-06-28,75,admitad,cpa,admitad,"",0,0,0
2023-06-28,60,yandex,cpc,base-python,"9590",0,0,0
2023-06-28,47,yandex,cpc,base-java,"10709",0,0,0
2023-06-28,43,yandex,cpc,base-frontend,"",0,0,0
2023-06-28,34,yandex,cpc,prof-professions-brand,"4791",0,0,0
2023-06-28,32,telegram,cpp,base-python,"",0,0,0
2023-06-28,27,yandex,cpc,prof-data-analytics,"6179",0,0,0
2023-06-28,27,yandex,cpc,prof-professions-retarget,"1415",0,0,0
2023-06-28,19,yandex,cpc,dod-frontend,"",0,0,0
2023-06-28,16,telegram,cpp,prof-python,"",0,0,0
2023-06-28,15,telegram,cpp,base-java,"",0,0,0
2023-06-28,15,vk,cpc,prof-python,"4318",0,0,0
2023-06-28,14,vk,cpc,freemium-frontend,"2538",0,0,0
2023-06-28,13,telegram,social,hexlet-blog,"",0,0,0
2023-06-28,11,yandex,cpc,dod-professions,"",0,0,0
2023-06-28,10,vk-senler,cpc,freemium,"",0,0,0
2023-06-28,9,yandex,cpc,dod-python-java,"",0,0,0
2023-06-28,8,vk,cpc,freemium-python,"1954",1,0,0
2023-06-28,8,vk,cpc,prof-java,"5757",0,0,0
2023-06-28,8,yandex,cpc,dod-qa,"2239",0,0,0
2023-06-28,7,vk,cpc,base-python,"2706",0,0,0
2023-06-28,6,vk,cpc,prof-frontend,"6628",0,0,0
2023-06-28,6,yandex,cpc,base-professions-retarget,"",0,0,0
2023-06-28,5,facebook,social,hexlet-blog,"",0,0,0
2023-06-28,5,telegram,cpp,base-frontend,"",0,0,0
2023-06-28,5,vk,cpp,base-java,"",0,0,0
2023-06-28,5,yandex,cpc,dod-java,"",0,0,0
2023-06-28,3,vk,cpc,freemium-java,"1521",0,0,0
2023-06-28,3,vk,social,hexlet-blog,"",0,0,0
2023-06-28,3,vk,social,prof-python,"",0,0,0
2023-06-28,3,yandex,cpc,dod-php,"",0,0,0
2023-06-28,2,telegram,cpp,prof-java,"",0,0,0
2023-06-28,2,telegram,social,course_completed,"",0,0,0
2023-06-28,2,vk,social,all-courses,"",0,0,0
2023-06-28,1,Yandex,cpc,"67469241","",0,0,0
2023-06-28,1,admitad,cpc,"183258","",0,0,0
2023-06-28,1,instagram,social,hexlet-blog,"",0,0,0
2023-06-28,1,instagram,social,prof-java,"",0,0,0
2023-06-28,1,mytarget,cpc,freemium,"",0,0,0
2023-06-28,1,mytarget,cpc,retarget,"",0,0,0
2023-06-28,1,telegram,social,dod-professions,"",0,0,0
2023-06-28,1,telegram.me,social,kakoy-yazyk-programmirovaniya-vybrat-dlya,"",0,0,0
2023-06-28,1,twitter,social,promo,"",0,0,0
2023-06-28,1,twitter,social,webinars,"",0,0,0
2023-06-28,1,vk,cpc,prof-data-analytics,"381",0,0,0
2023-06-28,1,vk,social,base-python,"",0,0,0
2023-06-28,1,vk,social,prof-qa,"",0,0,0
2023-06-28,1,vk,social,promo,"",0,0,0
2023-06-28,1,vk-senler,cpc,dod-php,"",0,0,0
2023-06-29,227,yandex,cpc,freemium,"14981",0,0,0
2023-06-29,194,yandex,cpc,prof-python,"45967",0,0,0
2023-06-29,149,yandex,cpc,prof-frontend,"65499",0,0,0
2023-06-29,122,yandex,cpc,prof-java,"35170",0,0,0
2023-06-29,61,yandex,cpc,base-python,"16174",0,0,0
2023-06-29,56,admitad,cpa,admitad,"",0,0,0
2023-06-29,49,yandex,cpc,base-java,"11606",0,0,0
2023-06-29,46,vk-senler,cpc,base-python,"",0,0,0
2023-06-29,43,telegram,cpp,base-python,"",0,0,0
2023-06-29,37,yandex,cpc,prof-professions-brand,"3262",0,0,0
2023-06-29,35,yandex,cpc,base-frontend,"4003",0,0,0
2023-06-29,29,yandex,cpc,prof-data-analytics,"",0,0,0
2023-06-29,25,yandex,cpc,prof-professions-retarget,"903",0,0,0
2023-06-29,20,vk,cpc,freemium-frontend,"2538",0,0,0
2023-06-29,19,vk-senler,cpc,freemium,"",0,0,0
2023-06-29,18,yandex,cpc,dod-frontend,"",0,0,0
2023-06-29,16,telegram,social,hexlet-blog,"",0,0,0
2023-06-29,14,yandex,cpc,dod-professions,"",0,0,0
2023-06-29,13,vk,cpc,prof-python,"4303",0,0,0
2023-06-29,12,telegram,cpp,prof-java,"",0,0,0
2023-06-29,12,yandex,cpc,dod-python-java,"",0,0,0
2023-06-29,11,yandex,cpc,dod-java,"",0,0,0
2023-06-29,10,vk,cpc,prof-frontend,"5442",1,0,0
2023-06-29,9,telegram,cpp,dod-qa,"",0,0,0
2023-06-29,8,telegram,cpp,base-java,"",0,0,0
2023-06-29,8,vk,cpc,prof-java,"5743",0,0,0
2023-06-29,7,vk,social,base-python,"",0,0,0
2023-06-29,6,vk,cpc,freemium-python,"2052",0,0,0
2023-06-29,6,vk,social,base-frontend,"",0,0,0
2023-06-29,5,telegram,cpp,base-frontend,"",0,0,0
2023-06-29,5,yandex,cpc,dod-qa,"7291",0,0,0
2023-06-29,4,telegram,cpp,prof-python,"",0,0,0
2023-06-29,4,vk,cpp,base-java,"",0,0,0
2023-06-29,4,vk,social,general,"",0,0,0
2023-06-29,4,yandex,cpc,dod-php,"",0,0,0
2023-06-29,3,vk,cpc,base-python,"2511",0,0,0
2023-06-29,3,vk,social,base-java,"",0,0,0
2023-06-29,2,telegram,social,promo,"",0,0,0
2023-06-29,2,vc,cpp,dod-qa,"",0,0,0
2023-06-29,2,vk,cpc,freemium-java,"1523",0,0,0
2023-06-29,2,yandex,cpc,base-professions-retarget,"378",0,0,0
2023-06-29,1,admitad,cpc,"442763","",0,0,0
2023-06-29,1,instagram,social,hexlet-blog,"",0,0,0
2023-06-29,1,instagram,social,prof-python,"",0,0,0
2023-06-29,1,telegram,cpp,dod-data-analytics,"",0,0,0
2023-06-29,1,telegram,cpp,dod-frontend,"",0,0,0
2023-06-29,1,telegram,cpp,prof-frontend,"",0,0,0
2023-06-29,1,telegram,social,analitik-dannyh,"",0,0,0
2023-06-29,1,telegram,social,dod-professions,"",0,0,0
2023-06-29,1,timepad,cpp,base-frontend,"",0,0,0
2023-06-29,1,twitter,social,hexlet-blog,"",0,0,0
2023-06-29,1,twitter.com,social,chto-napisat-v-soprovoditelnom-pisme-i,"",0,0,0
2023-06-29,1,vk,cpc,freemium,"",0,0,0
2023-06-29,1,vk,cpc,prof-data-analytics,"",0,0,0
2023-06-29,1,vk,social,all-courses,"",0,0,0
2023-06-29,1,vk,social,prof-data-analyst,"",0,0,0
2023-06-29,1,vk,social,unpack,"",0,0,0
2023-06-29,1,vk-senler,cpc,dod-frontend,"",0,0,0
2023-06-30,200,yandex,cpc,freemium,"17861",0,0,0
2023-06-30,179,yandex,cpc,prof-python,"37628",0,0,0
2023-06-30,165,yandex,cpc,prof-frontend,"53195",0,0,0
2023-06-30,125,yandex,cpc,prof-java,"37068",0,0,0
2023-06-30,77,yandex,cpc,base-python,"11174",0,0,0
2023-06-30,71,admitad,cpa,admitad,"",0,0,0
2023-06-30,64,yandex,cpc,base-java,"7338",0,0,0
2023-06-30,43,yandex,cpc,prof-professions-brand,"2821",0,0,0
2023-06-30,37,yandex,cpc,base-frontend,"8231",0,0,0
2023-06-30,37,yandex,cpc,prof-data-analytics,"",0,0,0
2023-06-30,29,telegram,cpp,base-java,"",0,0,0
2023-06-30,20,yandex,cpc,dod-frontend,"",0,0,0
2023-06-30,19,yandex,cpc,prof-professions-retarget,"1295",0,0,0
2023-06-30,16,telegram,social,hexlet-blog,"",0,0,0
2023-06-30,16,vk-senler,cpc,freemium,"",0,0,0
2023-06-30,15,vk-senler,cpc,base-python,"",0,0,0
2023-06-30,14,vk,cpc,prof-java,"7529",0,0,0
2023-06-30,13,telegram,cpp,base-frontend,"",0,0,0
2023-06-30,13,telegram,cpp,base-python,"",0,0,0
2023-06-30,12,vk,cpc,freemium-python,"2101",1,0,0
2023-06-30,12,yandex,cpc,dod-professions,"",0,0,0
2023-06-30,8,telegram,cpp,prof-java,"",1,0,0
2023-06-30,8,vk,cpc,freemium-frontend,"2539",0,0,0
2023-06-30,8,yandex,cpc,dod-java,"",0,0,0
2023-06-30,7,telegram,cpp,prof-python,"",1,0,0
2023-06-30,7,vk,cpc,prof-python,"4989",0,0,0
2023-06-30,7,yandex,cpc,dod-python-java,"",0,0,0
2023-06-30,6,vk,cpc,prof-frontend,"4306",1,0,0
2023-06-30,6,vk,cpp,base-java,"",0,0,0
2023-06-30,5,vk,social,base-frontend,"",0,0,0
2023-06-30,5,yandex,cpc,base-professions-retarget,"608",0,0,0
2023-06-30,5,yandex,cpc,dod-php,"",0,0,0
2023-06-30,5,yandex,cpc,dod-qa,"6510",0,0,0
2023-06-30,4,vk,cpc,freemium-java,"1524",0,0,0
2023-06-30,3,vk,cpc,base-python,"2284",0,0,0
2023-06-30,3,vk,social,base-java,"",0,0,0
2023-06-30,2,facebook,social,hexlet-blog,"",0,0,0
2023-06-30,2,twitter,social,promo,"",0,0,0
2023-06-30,2,vk,cpp,base-frontend,"",0,0,0
2023-06-30,2,vk,social,all-courses,"",0,0,0
2023-06-30,2,vk,social,base-python,"",0,0,0
2023-06-30,2,vk,social,general,"",0,0,0
2023-06-30,2,vk,social,hexlet,"",0,0,0
2023-06-30,2,vk,social,prof-python,"",0,0,0
2023-06-30,1,admitad,cpc,"183258","",0,0,0
2023-06-30,1,facebook,cpc,freemium,"",0,0,0
2023-06-30,1,rutube,social,all-courses,"",0,0,0
2023-06-30,1,telegram,cpp,dod-java,"",0,0,0
2023-06-30,1,telegram,social,course_completed,"",0,0,0
2023-06-30,1,telegram,social,dod-professions,"",0,0,0
2023-06-30,1,telegram,social,ni-dlya-kogo-ne-sekret--chto-iz-knig-mozhno,"",0,0,0
2023-06-30,1,telegram.me,social,neobhodimyy-minimum-linux-dlya-produktivn,"",0,0,0
2023-06-30,1,tg,social,internship_summer23,"",0,0,0
2023-06-30,1,vk,cpc,frontend,"",0,0,0
2023-06-30,1,vk,cpc,yaintern,"",0,0,0
2023-06-30,1,vk,cpp,dod-qa,"",0,0,0
2023-06-30,1,vk,cpp,intensive-python,"",0,0,0
2023-06-30,1,vkontakte,social,button-vk,"",0,0,0
2023-06-30,1,zen,social,prof-frontend,"",0,0,0
